family_id,T0,T1,TW,BP,dissonance_coefficient,sibling_count,subject_birth_decade,data_source,cultural_group
DUNN-5142,16.0,34.0,50.0,30.2,0.033,4,1820,WikiTree,
MILLER-38404,32.0,21.0,53.0,61.1,0.016,3,1770,WikiTree,
JOHNSON-164024,32.0,21.0,53.0,61.1,0.016,0,1850,WikiTree,
BROWN-100932,24.0,27.0,51.0,216.0,0.005,6,1850,WikiTree,
KING-4303,29.0,25.0,54.0,181.3,0.006,2,1920,WikiTree,
FAM032,41.0,24.0,65.0,57.9,0.017,5,1900,WikiTree,
AND033,30.0,39.0,69.0,130.0,0.008,2,1890,WikiTree,
ANG-47,20.0,24.0,44.0,120.0,0.008,5,1870,WikiTree,
ANDERSON_62,38.0,17.0,55.0,30.8,0.032,2,1730,WikiTree,
MILLER_003,30.0,28.0,58.0,420.0,0.002,6,1790,WikiTree,
MTH_060,24.0,22.0,46.0,264.0,0.004,11,1840,WikiTree,
harris_64,25.0,19.0,44.0,79.2,0.013,10,1850,WikiTree,
HARRIS_001,15.0,33.0,48.0,27.5,0.036,7,1820,WikiTree,
ANDER001,26.0,24.0,50.0,312.0,0.003,5,1870,WikiTree,
PHILLIPS-14_15,34.0,38.0,72.0,323.0,0.003,0,1800,WikiTree,
16,29.0,26.0,55.0,251.33,0.004,2,1880,WikiTree,
17,34.0,30.0,64.0,255.0,0.004,11,1840,WikiTree,
MTH-019,26.0,35.0,61.0,101.11,0.01,9,1860,WikiTree,
20,32.0,37.0,69.0,236.8,0.004,7,1910,WikiTree,
CAMP-021,35.0,38.0,73.0,443.333,0.002,1,1890,WikiTree,
22,29.0,25.0,54.0,181.25,0.006,11,1700,WikiTree,
MTH-023,22.0,24.0,46.0,264.0,0.004,3,1720,WikiTree,
MTH-024,26.0,30.0,56.0,195.0,0.005,8,1820,WikiTree,
ANDERSON-26,36.0,18.0,54.0,36.0,0.028,6,1760,WikiTree,
TORRES_028,26.0,19.0,45.0,70.571,0.014,2,1860,WikiTree,
COLLINS_1771721452,23.0,35.0,58.0,67.08333333333333,0.015,8,1870,WikiTree,
CAM_ABEL_001,32.0,43.0,75.0,125.09,0.008,4,1800,WikiTree,
F032,32.0,25.0,57.0,114.286,0.009,4,1870,WikiTree,
PAR033,15.0,29.0,44.0,31.071,0.032,12,1780,WikiTree,
TORRES_145500,32.0,26.0,58.0,138.67,0.007,0,1890,WikiTree,
FAM035,24.0,44.0,68.0,52.8,0.019,5,1780,WikiTree,
036,23.0,29.0,52.0,111.167,0.009,4,1850,WikiTree,
F037,30.0,31.0,61.0,930.0,0.001,6,1820,WikiTree,
FAM038,25.0,23.0,48.0,287.5,0.003,4,1760,WikiTree,
Wilson_001,40.0,22.0,62.0,48.889,0.02,2,1780,WikiTree,
040,27.0,32.0,59.0,172.8,0.006,6,1760,WikiTree,
MTH041,28.0,21.0,49.0,84.0,0.012,6,1820,WikiTree,
MURP042,33.0,20.0,53.0,50.77,0.02,9,1840,WikiTree,
FAM043,20.0,37.0,57.0,43.53,0.023,6,1810,WikiTree,
G044,39.0,28.0,67.0,99.27,0.01,5,1920,WikiTree,
FAMILY_045,41.0,23.0,64.0,52.389,0.019,4,1830,WikiTree,
FAM046,33.0,37.0,70.0,305.25,0.003,7,1880,WikiTree,
FAM048,41.0,34.0,75.0,199.14,0.005,0,1840,WikiTree,
ROB001,34.0,32.0,66.0,544.0,0.002,7,1780,WikiTree,
FAM050,37.0,34.0,71.0,419.333,0.002,7,1740,WikiTree,
MTH052,32.0,28.0,60.0,224.0,0.004,3,1700,WikiTree,
family_52,44.0,21.0,65.0,40.17,0.025,4,1770,WikiTree,
53,19.0,34.0,53.0,43.067,0.023,10,1840,WikiTree,
K001,34.0,20.0,54.0,48.571,0.021,8,1850,WikiTree,
FAM055,34.0,26.0,60.0,110.5,0.009,2,1870,WikiTree,
family_56,23.0,45.0,68.0,47.045,0.021,7,1810,WikiTree,
61C74848,28.0,20.0,48.0,70.0,0.014,11,1810,WikiTree,
642958E9,36.0,32.0,68.0,288.0,0.003,13,1780,WikiTree,
F059,32.0,35.0,67.0,373.333,0.003,9,1790,WikiTree,
JOHNSON-89928,27.0,38.0,65.0,93.27,0.011,5,1730,WikiTree,
FAM061,41.0,32.0,73.0,145.78,0.007,1,1910,WikiTree,
F062,24.0,33.0,57.0,88.0,0.011,4,1870,WikiTree,
HOFF001,24.0,36.0,60.0,72.0,0.014,16,1740,WikiTree,
64,35.0,34.0,69.0,1190.0,0.001,2,1850,WikiTree,
FAM065,28.0,19.0,47.0,59.111,0.017,2,1820,WikiTree,
MITCH001,29.0,27.0,56.0,391.5,0.003,14,1680,WikiTree,
067,27.0,30.0,57.0,270.0,0.004,10,1820,WikiTree,
PETERS_001,20.0,25.0,45.0,100.0,0.01,5,1740,WikiTree,
MTH069,38.0,20.0,58.0,42.22,0.024,6,1640,WikiTree,
FAM070,34.0,25.0,59.0,94.44,0.011,14,1750,WikiTree,
KING_071,43.0,31.0,74.0,111.083,0.009,8,1710,WikiTree,
MTH260222072,37.0,33.0,70.0,305.25,0.003,9,1750,WikiTree,
MTH073,37.0,39.0,76.0,721.5,0.001,10,1840,WikiTree,
F1771796207,27.0,22.0,49.0,118.8,0.008,12,1770,WikiTree,
75,26.0,31.0,57.0,161.2,0.006,8,1810,WikiTree,
76,29.0,26.0,55.0,251.33,0.004,1,1840,WikiTree,
TUC077,21.0,19.0,40.0,199.5,0.005,1,1820,WikiTree,
MTH078,28.0,34.0,62.0,158.67,0.006,8,1820,WikiTree,
MTH-79,34.0,17.0,51.0,34.0,0.029,11,1770,WikiTree,
MTH_080,27.0,23.0,50.0,155.25,0.006,4,1720,WikiTree,
MTH_081,38.0,31.0,69.0,168.286,0.006,3,1840,WikiTree,
MTH082,28.0,16.0,44.0,37.333,0.027,3,1750,WikiTree,
FAMP083,39.0,36.0,75.0,468.0,0.002,9,1830,WikiTree,
F84,31.0,28.0,59.0,289.33,0.003,2,1750,WikiTree,
85,33.0,27.0,60.0,148.5,0.007,4,1720,WikiTree,
WOODS_086,22.0,38.0,60.0,52.25,0.019,7,1860,WikiTree,
W087,31.0,32.0,63.0,992.0,0.001,7,1860,WikiTree,
FAM088,31.0,21.0,52.0,65.1,0.015,2,1940,WikiTree,
RICH_001,26.0,37.0,63.0,87.45,0.011,9,1740,WikiTree,
MTH090,21.0,27.0,48.0,94.5,0.01,9,1800,WikiTree,
FAM091,43.0,38.0,81.0,326.8,0.003,6,1880,WikiTree,
MTH093,26.0,29.0,55.0,251.333,0.004,11,1680,WikiTree,
REYNOLDS_MARY_094,38.0,33.0,71.0,250.8,0.004,8,1720,WikiTree,
FAM095,19.0,36.0,55.0,40.235,0.025,8,1860,WikiTree,
FAM096,42.0,24.0,66.0,56.0,0.018,3,1870,WikiTree,
097,21.0,27.0,48.0,94.5,0.011,0,1820,WikiTree,
KELLY_098,44.0,22.0,66.0,44.0,0.023,9,1670,WikiTree,
MTH099,25.0,26.0,51.0,650.0,0.002,4,1850,WikiTree,
100,23.0,23.0,46.0,9999.0,0.0001,9,1820,WikiTree,
MTH-0101,30.0,39.0,69.0,130.0,0.008,7,1850,WikiTree,
FOMINA-RU-001,21.0,29.0,50.0,76.1,0.013,2,1950,Familio-RU,
MTH-0102,28.0,40.0,68.0,93.3,0.011,8,1830,WikiTree,
AFANASYEVA-RU-001,40.0,31.0,71.0,137.8,0.007,4,1930,VGD-RU,
MTH-0105,31.0,23.0,54.0,89.1,0.011,0,1890,WikiTree,
PRESYAGINA-RU-001,28.0,23.0,51.0,128.8,0.008,12,1880,VGD-RU,
MTH-0107,36.0,46.0,82.0,165.6,0.006,7,1880,WikiTree,
LUKINA-RU-001,26.0,24.0,50.0,312.0,0.003,8,1850,VGD-RU,
STAKHONOVA-RU-001,28.0,26.0,54.0,364.0,0.003,11,1850,VGD-RU,
MTH-0108,25.0,31.0,56.0,129.2,0.008,6,1880,WikiTree,
NEMTSOVA-RU-001,26.0,38.0,64.0,82.3,0.012,8,1890,VGD-RU,
MTH-0112,31.0,36.0,67.0,223.2,0.004,8,1860,WikiTree-expat-Denmark-USA,
MTH-0127,30.0,26.0,56.0,195.0,0.005,3,1870,WikiTree-expat-Germany-USA,
MTH-0115,25.0,29.0,54.0,181.25,0.006,6,1890,WikiTree-expat-England-Australia,
EFIMOVA-RU-001,23.0,25.0,48.0,287.5,0.003,5,1890,VGD-RU,
MTH-0126,28.0,26.0,54.0,364.0,0.003,4,1890,WikiTree-expat-England-Australia,
ZAKHAROVA-RU-001,25.0,20.0,45.0,100.0,0.01,4,1910,VGD-RU,
ROSTOVTSEVA-RU-001,28.0,23.0,51.0,128.8,0.008,1,1860,VGD-RU,
MTH-0128,22.0,32.0,54.0,70.4,0.014,3,1880,WikiTree-expat-Ireland-Wales,
MTH-0129,36.0,32.0,68.0,288.0,0.003,8,1890,WikiTree,
MTH-0130,24.0,34.0,58.0,81.6,0.012,9,1890,WikiTree,
MTH-0131,19.0,22.0,41.0,139.3,0.007,6,1870,WikiTree-expat-Norway-USA,
MTH-0132,28.0,31.0,59.0,289.3,0.003,3,1920,WikiTree-expat-Germany-USA,
MTH-0134,29.0,22.0,51.0,91.143,0.011,4,1880,WikiTree,
MTH-0135,20.0,32.0,52.0,53.333,0.019,10,1890,WikiTree,
MTH-0136,32.0,31.0,63.0,992.0,0.001,0,1920,WikiTree,
MTH-0137,19.0,31.0,50.0,49.083,0.02,4,1810,WikiTree,
MTH-0138,28.0,23.0,51.0,128.8,0.008,9,1850,WikiTree,
PREOBRAZHENSKAYA-RU-001,34.0,31.0,65.0,351.3,0.003,2,1920,Familio-RU,
MTH-0139,38.0,23.0,61.0,58.267,0.017,0,1910,WikiTree-expat-Portugal-USA,
MARTYNOVA-RU-001,25.0,21.0,46.0,131.3,0.008,0,1970,WikiTree-RU,
MTH-0140,23.0,36.0,59.0,63.692,0.016,0,1850,WikiTree,
MTH-0141,30.0,24.0,54.0,120.0,0.008,13,1900,WikiTree,
MTH-0142,36.0,25.0,61.0,81.818,0.012,4,1880,WikiTree,
SMIRNOVA-RU-001,19.0,26.0,45.0,70.6,0.014,2,1950,WikiTree-RU,
MTH-0143,23.0,35.0,58.0,67.083,0.015,7,1870,WikiTree,
MTH-0144,20.0,36.0,56.0,45.0,0.022,4,1920,WikiTree,
KASHECHKINA-RU-001,27.0,28.0,55.0,756.0,0.001,1,1970,Familio-RU,
MTH-0145,30.0,29.0,59.0,870.0,0.001,2,1860,WikiTree,
MTH-0146,33.0,41.0,74.0,169.125,0.006,6,1790,WikiTree-expat-Germany-USA,
MTH-0147,34.0,22.0,56.0,62.333,0.016,2,1870,WikiTree-expat-Germany-USA,
MTH-0148,17.0,18.0,35.0,306.0,0.003,1,1870,WikiTree,
MTH-0149,24.0,27.0,51.0,216.0,0.005,0,1890,WikiTree,
YABLONSKAYA-RU-001,25.0,34.0,59.0,94.4,0.0106,2,1940,Familio-RU,
MTH-0150,25.0,27.0,52.0,337.5,0.003,1,1900,WikiTree,
MTH-0151,28.0,22.0,50.0,102.667,0.01,2,1860,WikiTree-expat-Germany-USA,
VOLKOV-RU-001,29.0,25.0,54.0,181.2,0.0055,1,1920,WikiTree-RU,
REED-3456,23.0,41.0,64.0,52.4,0.019,7,1790,WikiTree,
FOMINA-RU-002,25.0,21.0,46.0,131.25,0.0076,1,1940,Wikidata-RU,
KUZYUKINA-RU-001,24.0,19.0,43.0,91.2,0.011,2,1970,Familio-RU,
MTH-0152,30.0,29.0,59.0,870.0,0.001,7,1910,WikiTree,
MOROZOVA-RU-001,23.0,19.0,42.0,109.2,0.0092,0,1910,WikiTree-RU,
KONCHALOVSKAYA-RU-001,25.0,28.0,53.0,233.3,0.004,2,1930,Familio-RU,
MTH-0155,31.0,28.0,59.0,289.333,0.003,1,1890,WikiTree,
MTH-0156,27.0,26.0,53.0,702.0,0.001,8,1850,WikiTree-expat-Ireland-Australia,
MTH-0157,28.0,30.0,58.0,420.0,0.002,2,1920,WikiTree,
RACHMANINOVA-RU-001,26.0,22.0,48.0,143.0,0.007,0,1920,Wikidata-RU,
ROMANOVA-RU-001,28.0,20.0,48.0,70.0,0.0143,6,1890,Wikidata-RU,
DRAHOMANOVA-RU-001,28.0,22.0,50.0,102.7,0.01,6,1870,FamilySearch-RU,
MTH-0161,24.0,20.0,44.0,120.0,0.008,13,1750,WikiTree,
NEKRASOVA-RU-001,20.0,32.0,52.0,53.33,0.0187,1,1910,Wikidata-RU,
MTH-0162,18.0,31.0,49.0,42.923,0.023,6,1880,WikiTree,
PUGACHEVA-RU-001,27.0,22.0,49.0,118.8,0.0084,1,1970,Wikidata-RU,
ALLILUYEVA-RU-001,25.0,24.0,49.0,600.0,0.0017,2,1950,Wikidata-RU,
MTH-0163,26.0,31.0,57.0,161.2,0.006,3,1910,WikiTree-expat-Norway-USA,
MTH-0164,41.0,20.0,61.0,39.048,0.026,1,1880,WikiTree,
TSVETAEVA-RU-001,24.0,20.0,44.0,120.0,0.0083,2,1910,FamilySearch-RU,
DUROVA-RU-001,35.0,27.0,62.0,118.1,0.0085,0,1950,Wikidata-RU,
TOLSTAYA-RU-001,27.0,26.0,53.0,702.0,0.0014,0,1930,Wikidata-RU,
KASATKINA-RU-001,25.0,26.0,51.0,650.0,0.0015,0,1930,Wikidata-RU,
GLAGOLEVA-RU-001,27.0,22.0,49.0,118.8,0.0084,0,1970,Wikidata-RU,
SHAKHOVSKAYA-RU-001,21.0,41.0,62.0,43.05,0.0233,0,1920,Wikidata-RU,
STANUKINAS-RU-001,29.0,30.0,59.0,870.0,0.0011,0,1930,Wikidata-RU,
KUZNETSOVA-RU-001,35.0,36.0,71.0,1260.0,0.0008,0,1980,Wikidata-RU,
CHEMBERDJI-RU-001,30.0,24.0,54.0,120.0,0.0083,0,1960,Wikidata-RU,
KONOVALOVA-RU-001,36.0,27.0,63.0,108.0,0.0093,0,1970,Wikidata-RU,
DERYUGINA-RU-001,26.0,25.0,51.0,650.0,0.0015,0,1980,Wikidata-RU,
YAKUSHEVA-RU-001,24.0,28.0,52.0,168.0,0.006,0,1980,Wikidata-RU,
SIMONOVA-RU-001,31.0,21.0,52.0,65.1,0.0154,0,1970,Wikidata-RU,
POMERANZEVA-RU-001,33.0,37.0,70.0,305.25,0.0033,0,1930,Wikidata-RU,
GORBACHEVA-RU-001,19.0,25.0,44.0,79.17,0.0126,0,1950,Wikidata-RU,
LOZINSKY-RU-001,30.0,36.0,66.0,180.0,0.0056,0,1950,Wikidata-RU,
GAGARINA-RU-001,40.0,24.0,64.0,60.0,0.0167,0,1950,Wikidata-RU,
BONNER-RU-001,23.0,27.0,50.0,155.25,0.0064,0,1950,Wikidata-RU,
DOLINA-RU-001,26.0,33.0,59.0,122.57,0.0082,0,1950,Wikidata-RU,
VARLEY-RU-001,25.0,23.0,48.0,287.5,0.0035,0,1940,Wikidata-RU,
LITVINOVA-RU-001,29.0,27.0,56.0,391.5,0.0026,0,1940,Wikidata-RU,
MTH-0165,19.0,21.0,40.0,199.5,0.005,6,1800,WikiTree,
SEREBRIAKOVA-RU-001,34.0,28.0,62.0,158.7,0.0063,3,1910,FamilySearch-RU,
MTH-0166,38.0,32.0,70.0,202.67,0.005,2,1910,WikiTree,
MTH-0167,35.0,27.0,62.0,118.125,0.008,1,1880,WikiTree,
SALIMGAREEVA-RU-001,18.0,27.0,45.0,54.0,0.019,1,1990,Familio-RU,
MAXIMOVA-RU-001,22.0,25.0,47.0,183.33,0.0055,1,1930,Wikidata-RU,
MTH-0168,26.0,34.0,60.0,110.5,0.009,3,1830,WikiTree-expat-Germany-USA,
SHCHERBATOVA-RU-001,31.0,26.0,57.0,161.2,0.0062,0,1870,Wikidata-RU,
DOLGORUKOVA-RU-001,18.0,37.0,55.0,35.05,0.0285,0,1880,Wikidata-RU,
BIBIKOVA-RU-001,36.0,25.0,61.0,81.82,0.0122,0,1870,Wikidata-RU,
VASILCHIKOVA-RU-001,27.0,28.0,55.0,756.0,0.0013,2,1910,Wikidata-RU,
MTH-0200,41.0,28.0,69.0,88.31,0.011,10,1860,WikiTree,
MTH-0201,27.0,27.0,54.0,9999.0,0.0001,3,1880,WikiTree,
IVANOVA-RU-001,20.0,24.0,44.0,120.0,0.0083,0,1810,Wikidata-RU,
MTH-0202,33.0,43.0,76.0,141.9,0.007,2,1860,WikiTree,
MTH-0203,29.0,23.0,52.0,111.167,0.009,0,1860,WikiTree,
SEMYONOVA-RU-001,28.0,27.0,55.0,756.0,0.001,2,1950,Familio-RU,
MTH-0204,38.0,33.0,71.0,250.8,0.004,8,1910,WikiTree,
VERTINSKAYA-RU-001,20.0,26.0,46.0,86.7,0.0115,1,1960,Wikidata-RU,
208,40.0,35.0,75.0,280.0,0.004,12,1810,WikiTree,
LYAPUNOV-RU-001,25.0,24.0,49.0,600.0,0.0017,0,1910,Wikidata-RU,
GORENKO-RU-001,36.0,37.0,73.0,1332.0,0.00075,4,1880,Wikidata-RU,
BRYULLOVA-RU-001,24.0,37.0,61.0,68.3,0.0146,0,1880,Wikidata-RU,
MTH-0213,46.0,26.0,72.0,59.8,0.017,7,1910,WikiTree-expat-Mexico-USA,
MTH-0214,38.0,27.0,65.0,93.3,0.011,10,1850,WikiTree,
POKULDINA-RU-001,23.0,29.0,52.0,111.2,0.009,7,1930,Familio-RU,
MTH-0215,34.0,35.0,69.0,1190.0,0.001,2,1900,WikiTree,
SUKHOTINA-RU-001,20.0,41.0,61.0,39.0,0.026,1,1900,FamilySearch-RU,
MTH-0216,19.0,17.0,36.0,161.5,0.006,12,1880,WikiTree,
MIKHALKOV-RU-001,28.0,30.0,58.0,420.0,0.0024,2,1910,Wikidata-RU,
ALEKHINE-RU-001,21.0,31.0,52.0,65.1,0.0154,2,1890,Wikidata-RU,
MTH-0217,18.0,15.0,33.0,90.0,0.011,9,1870,WikiTree,
MTH-0218,17.0,33.0,50.0,35.06,0.029,6,1880,WikiTree,
MTH-0219,36.0,36.0,72.0,9999.0,0.0001,3,1890,WikiTree,
MTH-0220,35.0,40.0,75.0,280.0,0.004,10,1810,WikiTree,
ZEMSKAYA-RU-001,25.0,32.0,57.0,114.29,0.0088,0,1920,Wikidata-RU,
KHRUSHCHEVA-RU-001,28.0,23.0,51.0,128.8,0.0078,0,1960,Wikidata-RU,
MOROZOVA-RU-002,21.0,31.0,52.0,65.1,0.0154,1,1900,Wikidata-RU,
SPIVAK-RU-001,21.0,24.0,45.0,168.0,0.006,0,1980,Wikidata-RU,
ARNOLD-NZ-001,36.0,32.0,68.0,288.0,0.003,3,1880,WikiTree,
NELSON-AU-001,24.0,41.0,65.0,57.882,0.017,12,1860,WikiTree,
BROOKS-US-001,38.0,33.0,71.0,250.8,0.004,2,1840,WikiTree,
SHAW-SCO-001,38.0,23.0,61.0,58.267,0.017,6,1830,WikiTree,
POKROVSKAYA-RU-001,32.0,24.0,56.0,96.0,0.0104,0,1930,Wikidata-RU,
CHUKOVSKAYA-RU-001,27.0,24.0,51.0,216.0,0.0046,0,1930,Wikidata-RU,
GOLITSYNA-RU-001,34.0,41.0,75.0,199.14,0.005,1,1900,Wikidata-RU,
ROMANOVA-RU-002,28.0,39.0,67.0,99.27,0.0101,1,1950,Wikidata-RU,
PETROVA-RU-001,30.0,20.0,50.0,60.0,0.0167,5,1890,WikiTree-RU,
PATTERSON-1234,33.0,20.0,53.0,50.769,0.02,5,1880,WikiTree,
REED-6000,28.0,34.0,62.0,158.67,0.006,8,1840,WikiTree,
DIXON-17245,24.0,25.0,49.0,600.0,0.002,4,1870,WikiTree,
LERMA-39,30.0,21.0,51.0,70.0,0.014,12,1910,WikiTree-expat-Mexico-USA,
GONCHAROVA-RU-001,24.0,27.0,51.0,216.0,0.0046,6,1810,WikiTree-RU,
PORTER-15912,19.0,21.0,40.0,199.5,0.005,5,1910,WikiTree,
KOVALEVSKAYA-RU-001,19.0,30.0,49.0,51.8,0.019,3,1850,Wikipedia-RU,
MILLS-250,26.0,23.0,49.0,199.3,0.005,10,1660,WikiTree,
WEAVER-19143,27.0,22.0,49.0,118.8,0.008,1,1840,WikiTree,
SMIRNOVA-RU-002,38.0,24.0,62.0,65.1,0.015,0,1970,Familio-RU,
Schmidt-457,41.0,24.0,65.0,57.9,0.017,7,1870,WikiTree-expat-Germany-Canada,
YURIEVSKAYA-RU-001,27.0,26.0,53.0,702.0,0.0014,4,1870,Wikidata-RU,
CHERESHNEVA-RU-001,27.0,40.0,67.0,83.1,0.012,6,1930,Familio-RU,
BRENNAN-5,21.0,23.0,44.0,241.5,0.004,8,1880,WikiTree-expat-Ireland-USA,
STRIZHENOVA-RU-001,28.0,32.0,60.0,224.0,0.0045,1,2000,Wikidata-RU,
ARDOVA-RU-001,29.0,27.0,56.0,391.5,0.0026,1,1990,Wikidata-RU,
BURNS-1,37.0,23.0,60.0,60.8,0.016,0,1870,WikiTree-expat-England-USA,
VENTZEL-RU-001,35.0,29.0,64.0,169.2,0.0059,,1900,Wikidata-RU,
TOLSTAYA-RU-002,20.0,36.0,56.0,45.0,0.0222,,1900,Wikidata-RU,
PUTINA-RU-001,24.0,30.0,54.0,120.0,0.0083,,1910,Wikidata-RU,
ILYINA-RU-001,29.0,27.0,56.0,391.5,0.0026,,1910,Wikidata-RU,
LYAPUNOVA-RU-001,25.0,33.0,58.0,103.1,0.0097,,1920,Wikidata-RU,
RUSAKOVA-RU-001,24.0,36.0,60.0,72.0,0.0139,,1920,Wikidata-RU,
BOBRINSKAYA-RU-001,22.0,37.0,59.0,54.3,0.0184,,1920,Wikidata-RU,
MILNE-1311,22.0,28.0,50.0,102.7,0.01,8,1870,WikiTree-expat-Ireland-Australia,
GOROSHKO-RU-001,40.0,30.0,70.0,120.0,0.008,3,1960,Familio-RU,
CASTILLO-CL-001,22.0,25.0,47.0,183.3,0.005,3,1940,Wikidata-expat,
FURTSEVA-RU-001,28.0,25.0,53.0,233.3,0.004,0,1960,Familio-RU,
MURRAY-10342,29.0,28.0,57.0,812.0,0.001,4,1910,WikiTree,
NICHOLS-15581,39.0,33.0,72.0,214.5,0.005,8,1890,WikiTree,
LONG-3000,25.0,34.0,59.0,94.4,0.011,8,1860,WikiTree,
BORISOVA-WT-001,39.0,26.0,65.0,78.0,0.013,0,1910,WikiTree-RU,
RYAN-2046,32.0,27.0,59.0,172.8,0.006,8,1860,WikiTree-expat-Ireland-USA,
HAWKINS-23713,39.0,39.0,78.0,9999.0,0.0001,14,1880,WikiTree,
PIERCE-118,30.0,27.0,57.0,270.0,0.004,0,1910,WikiTree,
YOUNG-4523,25.0,28.0,53.0,233.3,0.004,7,1880,WikiTree-expat-England-Wales,
BEGAM-CENTROPA-001,23.0,25.0,48.0,287.5,0.003,0,1920,Centropa-RU,
37F0BECA,22.0,35.0,57.0,59.231,0.017,3,1910,WikiTree,
SOKOLOVA-RU-001,37.0,24.0,61.0,68.3,0.015,1,1930,WikiTree-RU,
HARRISON-913,29.0,23.0,52.0,111.167,0.009,9,1830,WikiTree,
HAWKINS-5994,24.0,22.0,46.0,264.0,0.004,8,1800,WikiTree,
FAM097,21.0,27.0,48.0,94.5,0.011,7,1720,WikiTree,
CLARK-24305,26.0,25.0,51.0,650.0,0.002,6,1890,WikiTree,
PARKER-24112,14.0,43.0,57.0,20.759,0.048,6,1890,WikiTree,
TURNER-11450,21.0,20.0,41.0,420.0,0.002,10,1870,WikiTree,
SAVICHEVA-RU-001,22.0,41.0,63.0,47.5,0.021,5,1930,WikiTree-RU,
SHELFER-40,28.0,28.0,56.0,9999.0,0.0001,4,1900,WikiTree,
INGLE-OLSON-8,23.0,31.0,54.0,89.125,0.011,8,1840,WikiTree,
ALLEN-500,32.0,43.0,75.0,125.09,0.008,7,1790,WikiTree,
GRANT-7199,45.0,24.0,69.0,51.429,0.019,8,1870,WikiTree,
HAMILTON-1,22.0,30.0,52.0,82.5,0.012,3,1910,WikiTree,
MARSHALL-250,21.0,25.0,46.0,131.25,0.008,7,1840,WikiTree,
GUTIERREZ-4493,30.0,19.0,49.0,51.818,0.019,8,1850,WikiTree,
MTH-0221,28.0,16.0,44.0,37.333,0.027,3,1890,WikiTree,
MTH-0292,24.0,31.0,55.0,106.286,0.009,5,1890,WikiTree-expat-Germany-USA,
MTH-0293,29.0,26.0,55.0,251.333,0.004,9,1840,WikiTree,
MTH-0294,37.0,29.0,66.0,134.125,0.007,8,1860,WikiTree-expat-Ireland-USA,
MTH-0295,34.0,31.0,65.0,351.333,0.003,10,1840,WikiTree-expat-Wales-Canada,
MTH-0296,19.0,35.0,54.0,41.563,0.024,10,1830,WikiTree,
MTH-0297,23.0,24.0,47.0,552.0,0.002,1,1850,WikiTree-expat-Ireland-Australia,
MTH-0298,29.0,30.0,59.0,870.0,0.001,12,1780,WikiTree,
MTH-0299,21.0,16.0,37.0,67.2,0.015,10,1870,WikiTree,
MTH-0300,38.0,32.0,70.0,202.667,0.005,2,1920,WikiTree-RU,
MTH-0301,38.0,28.0,66.0,106.4,0.009,1,1900,WikiTree,
MTH-0302,27.0,20.0,47.0,77.143,0.013,11,1850,WikiTree,
MTH-0303,29.0,25.0,54.0,181.25,0.006,3,1780,https://www.wikitree.com/wiki/Medina-1012,
GED-HANOVER-1819,29.0,33.0,62.0,239.2,0.0042,0,1810,GEDCOM-royal92,
GED-MARY-1840,33.0,21.0,54.0,57.8,0.0173,8,1840,GEDCOM-royal92,
"GED-""ALIX""-1844",28.0,27.0,55.0,756.0,0.0013,5,1840,GEDCOM-royal92,
GED-CHRISTIAN-1864,27.0,20.0,47.0,77.1,0.013,5,1860,GEDCOM-royal92,
GED-WILLIAM_II-1859,21.0,19.0,40.0,199.5,0.005,7,1850,GEDCOM-royal92,
GED-OF_ATHLONE-1883,30.0,22.0,52.0,82.5,0.0121,1,1880,GEDCOM-royal92,
GED-OF_CARISBROOKE-1886,38.0,29.0,67.0,122.4,0.0082,3,1880,GEDCOM-royal92,
GED-(MAY)-1867,36.0,34.0,70.0,612.0,0.0016,3,1860,GEDCOM-royal92,
GED-WINDSOR-1894,34.0,27.0,61.0,131.1,0.0076,5,1890,GEDCOM-royal92,
GED-ROMANOV-1868,30.0,21.0,51.0,70.0,0.0143,5,1860,GEDCOM-royal92,
GED-OF_HESSE-1863,24.0,20.0,44.0,120.0,0.0083,6,1860,GEDCOM-royal92,
GED-ROMANOV-1845,36.0,21.0,57.0,50.4,0.0198,7,1840,GEDCOM-royal92,
GED-ROMANOV-1796,23.0,37.0,60.0,60.8,0.0164,2,1790,GEDCOM-royal92,
GED-ROMANOV-1818,22.0,20.0,42.0,220.0,0.0045,3,1810,GEDCOM-royal92,
GED-ROMANOV-1895,29.0,23.0,52.0,111.2,0.009,4,1890,GEDCOM-royal92,
GED-MARGUERITEBOWES-LYON-1900,30.0,38.0,68.0,142.5,0.007,9,1900,GEDCOM-royal92,
GED-MARYWINDSOR-1926,38.0,26.0,64.0,82.3,0.0122,1,1920,GEDCOM-royal92,
GED-CHARLESARMSTRONG-JONES-1961,30.0,31.0,61.0,930.0,0.0011,1,1960,GEDCOM-royal92,
GED-MOUNTBATTEN-1921,22.0,36.0,58.0,56.6,0.0177,4,1920,GEDCOM-royal92,
GED-ARTHURWINDSOR-1948,26.0,22.0,48.0,143.0,0.007,3,1940,GEDCOM-royal92,
GED-ANDREWPHILLIPS-1977,24.0,27.0,51.0,216.0,0.0046,1,1970,GEDCOM-royal92,
GED-SPENCER-1961,28.0,25.0,53.0,233.3,0.0043,4,1960,GEDCOM-royal92,
GED-OF_GREECE-1906,28.0,24.0,52.0,168.0,0.006,4,1900,GEDCOM-royal92,
GED-NICHOLASWINDSOR-1935,24.0,29.0,53.0,139.2,0.0072,2,1930,GEDCOM-royal92,
GED-HAAKON_VII-1872,23.0,21.0,44.0,241.5,0.0041,7,1870,GEDCOM-royal92,
GED-WALDEMAR-1889,23.0,23.0,46.0,9999.0,0.0001,2,1880,GEDCOM-royal92,
GED-BURKE_ROCHE-1936,29.0,28.0,57.0,812.0,0.0012,0,1930,GEDCOM-royal92,
GED-ALFRED-1874,29.0,21.0,50.0,76.1,0.0131,4,1870,GEDCOM-royal92,
GED-OF_BATTENBERG-1885,20.0,22.0,42.0,220.0,0.0045,3,1880,GEDCOM-royal92,
GED-OF_GREECE-1882,21.0,31.0,52.0,65.1,0.0154,7,1880,GEDCOM-royal92,
GED-BRUCEOGILVY-1964,30.0,28.0,58.0,420.0,0.0024,1,1960,GEDCOM-royal92,
GED-PHILIPWINDSOR-1982,25.0,21.0,46.0,131.2,0.0076,1,1980,GEDCOM-royal92,
GED-LOUISE-1872,27.0,26.0,53.0,702.0,0.0014,4,1870,GEDCOM-royal92,
GED-ALEXANDRA-1891,23.0,24.0,47.0,552.0,0.0018,1,1890,GEDCOM-royal92,
GED-CAROLINE-1822,35.0,25.0,60.0,87.5,0.0114,2,1820,GEDCOM-royal92,
GED-LOUISA-1786,30.0,29.0,59.0,870.0,0.0011,6,1780,GEDCOM-royal92,
GED-OF_BRUNSWICK-1768,18.0,31.0,49.0,42.9,0.0233,0,1760,GEDCOM-royal92,
GED-HANOVER-1796,31.0,28.0,59.0,289.3,0.0035,0,1790,GEDCOM-royal92,
GED-ROMANOV-1891,19.0,21.0,40.0,199.5,0.005,1,1890,GEDCOM-royal92,
GED-FERGUSON-1959,33.0,22.0,55.0,66.0,0.0152,1,1950,GEDCOM-royal92,
GED-CHRISTIAN_IX-1818,39.0,29.0,68.0,113.1,0.0088,0,1810,GEDCOM-royal92,
GED-OF_HESSE-CASSEL-1817,31.0,28.0,59.0,289.3,0.0035,1,1810,GEDCOM-royal92,
GED-CHILD_6-1913,30.0,43.0,73.0,99.2,0.0101,5,1910,GEDCOM-royal92,
GED-VIIISPENCER-1924,28.0,27.0,55.0,756.0,0.0013,0,1920,GEDCOM-royal92,
GED-MCCORQUODALE-1929,23.0,29.0,52.0,111.2,0.009,0,1920,GEDCOM-royal92,
GED-LASCELLES-1923,30.0,26.0,56.0,195.0,0.0051,1,1920,GEDCOM-royal92,
GED-HANOVER-1879,36.0,26.0,62.0,93.6,0.0107,5,1870,GEDCOM-royal92,
GED-FREDERICK_V-1848,25.0,26.0,51.0,650.0,0.0015,0,1840,GEDCOM-royal92,
GED-CAMBRIDGE-1906,22.0,23.0,45.0,506.0,0.002,2,1900,GEDCOM-royal92,
GED-OF_HESSE-CASSEL-1747,40.0,24.0,64.0,60.0,0.0167,1,1740,GEDCOM-royal92,
GED-VON_HUGEL-1872,24.0,34.0,58.0,81.6,0.0123,0,1870,GEDCOM-royal92,
GED-HANOVER-1660,34.0,30.0,64.0,255.0,0.0039,6,1660,GEDCOM-royal92,
GED-OF_HESSE-CASSEL-1789,26.0,39.0,65.0,78.0,0.0128,1,1780,GEDCOM-royal92,
GED-JOHNSPENCER-1892,29.0,24.0,53.0,139.2,0.0072,2,1890,GEDCOM-royal92,
GED-BEATRIXHAMILTON-1897,31.0,28.0,59.0,289.3,0.0035,2,1890,GEDCOM-royal92,
GED-BURKE_ROCHE-1885,26.0,28.0,54.0,364.0,0.0027,0,1880,GEDCOM-royal92,
GED-GILL-1908,36.0,29.0,65.0,149.1,0.0067,0,1900,GEDCOM-royal92,
GED-OF_CAVADONGA-1907,30.0,20.0,50.0,60.0,0.0167,6,1900,GEDCOM-royal92,
GED-CARLOS-1938,28.0,28.0,56.0,9999.0,0.0001,3,1930,GEDCOM-royal92,
GED-HOHENZOLLERN-1900,22.0,25.0,47.0,183.3,0.0055,5,1900,GEDCOM-royal92,
GED-OLDENBURG-1938,25.0,21.0,46.0,131.2,0.0076,2,1930,GEDCOM-royal92,
GED-HELEN-1963,21.0,25.0,46.0,131.2,0.0076,2,1960,GEDCOM-royal92,
GED-ADOLF-1906,22.0,24.0,46.0,264.0,0.0038,4,1900,GEDCOM-royal92,
GED-OLAV_V-1903,25.0,34.0,59.0,94.4,0.0106,0,1900,GEDCOM-royal92,
GED-OF_SWEDEN-1901,27.0,23.0,50.0,155.2,0.0064,3,1900,GEDCOM-royal92,
GED-HARALD-1937,23.0,36.0,59.0,63.7,0.0157,2,1930,GEDCOM-royal92,
GED-HOHENZOLLERN-1921,26.0,25.0,51.0,650.0,0.0015,0,1920,GEDCOM-royal92,
GED-HANOVER-1917,34.0,25.0,59.0,94.4,0.0106,5,1910,GEDCOM-royal92,
GED-OF_DENMARK-1946,28.0,36.0,64.0,126.0,0.0079,2,1940,GEDCOM-royal92,
GED-OF_YUGOSLAVIA-1923,25.0,23.0,48.0,287.5,0.0035,2,1920,GEDCOM-royal92,
GED-MOUNTBATTEN-1917,16.0,21.0,37.0,67.2,0.0149,1,1910,GEDCOM-royal92,
GED-FREDERICK-1833,32.0,25.0,57.0,114.3,0.0087,3,1830,GEDCOM-royal92,
GED-OF_RUSSIA-1909,23.0,33.0,56.0,75.9,0.0132,2,1900,GEDCOM-royal92,
GED-WILLIAM-1722,21.0,35.0,56.0,52.5,0.019,12,1720,GEDCOM-royal92,
GED-CAROLINE-1743,26.0,34.0,60.0,110.5,0.009,1,1740,GEDCOM-royal92,
GED-LEOPOLD_III-1901,19.0,25.0,44.0,79.2,0.0126,2,1900,GEDCOM-royal92,
GED-OF_THE_BELGIANS-1930,27.0,25.0,52.0,337.5,0.003,2,1930,GEDCOM-royal92,
GED-OF_SWEDEN-1851,20.0,23.0,43.0,153.3,0.0065,0,1850,GEDCOM-royal92,
GED-FREDERICK_IX-1899,19.0,20.0,39.0,380.0,0.0026,1,1890,GEDCOM-royal92,
GED-OLDENBURG-1965,36.0,19.0,55.0,40.2,0.0249,4,1960,GEDCOM-royal92,
GED-OF_NETHERLANDS-1792,23.0,18.0,41.0,82.8,0.0121,3,1790,GEDCOM-royal92,
GED-OF_NETHERLANDS-1817,36.0,22.0,58.0,56.6,0.0177,4,1810,GEDCOM-royal92,
GED-OF_NETHERLANDS-1880,27.0,22.0,49.0,118.8,0.0084,0,1880,GEDCOM-royal92,
GED-OF_NETHERLANDS-1909,22.0,29.0,51.0,91.1,0.011,0,1900,GEDCOM-royal92,
GED-OF_NETHERLANDS-1938,29.0,29.0,58.0,9999.0,0.0001,3,1930,GEDCOM-royal92,
GED-ALFONSO_XII-1857,24.0,27.0,51.0,216.0,0.0046,0,1850,GEDCOM-royal92,
GED-(ALBERT)-1905,21.0,27.0,48.0,94.5,0.0106,3,1900,GEDCOM-royal92,
GED-DAUGHTER-1684,28.0,19.0,47.0,59.1,0.0169,11,1680,GEDCOM-royal92,
GED-STUART-1633,36.0,24.0,60.0,72.0,0.0139,8,1630,GEDCOM-royal92,
GED-STUART-1566,27.0,24.0,51.0,216.0,0.0046,0,1560,GEDCOM-royal92,
GED-STUART-1594,17.0,20.0,37.0,113.3,0.0088,7,1590,GEDCOM-royal92,
GED-HANOVER-1630,22.0,34.0,56.0,62.3,0.0161,10,1630,GEDCOM-royal92,
GED-OF_ORLEANS-1641,17.0,40.0,57.0,29.6,0.0338,1,1640,GEDCOM-royal92,
GED-STUART-1650,22.0,19.0,41.0,139.3,0.0072,0,1650,GEDCOM-royal92,
GED-WILLIAM_I-1688,38.0,20.0,58.0,42.2,0.0237,2,1680,GEDCOM-royal92,
GED-CHRISTIAN_VII-1749,41.0,25.0,66.0,64.1,0.0156,4,1740,GEDCOM-royal92,
GED-FELLOWES-1980,21.0,23.0,44.0,241.5,0.0041,0,1980,GEDCOM-royal92,
GED-WRIGHT-1905,35.0,32.0,67.0,373.3,0.0027,0,1900,GEDCOM-royal92,
GED-MARYWINDSOR-1988,22.0,29.0,51.0,91.1,0.011,1,1980,GEDCOM-royal92,
GED-ALEXANDER-1945,25.0,24.0,49.0,600.0,0.0017,0,1940,GEDCOM-royal92,
GED-OF_LEININGEN-1930,31.0,23.0,54.0,89.1,0.0112,5,1930,GEDCOM-royal92,
GED-GEORGE-1964,23.0,34.0,57.0,71.1,0.0141,1,1960,GEDCOM-royal92,
GED-OF_RUSSIA-1981,39.0,28.0,67.0,99.3,0.0101,0,1980,GEDCOM-royal92,
GED-BAUSCHER-1963,29.0,27.0,56.0,391.5,0.0026,2,1960,GEDCOM-royal92,
GED-OF_PRUSSIA-1939,33.0,30.0,63.0,330.0,0.003,6,1930,GEDCOM-royal92,
GED-LOUISE-1662,35.0,18.0,53.0,37.1,0.027,1,1660,GEDCOM-royal92,
GED-ALEXANDERCARNEGIE-1929,26.0,36.0,62.0,93.6,0.0107,0,1920,GEDCOM-royal92,
GED-FERNER-1962,31.0,30.0,61.0,930.0,0.0011,4,1960,GEDCOM-royal92,
GED-LORENTZEN-1968,29.0,38.0,67.0,122.4,0.0082,2,1960,GEDCOM-royal92,
GED-MEDFORTH-MILLS-1985,27.0,35.0,62.0,118.1,0.0085,0,1980,GEDCOM-royal92,
GED-KREUGER-1985,30.0,32.0,62.0,480.0,0.0021,0,1980,GEDCOM-royal92,
GED-WURTTEMBERG-1848,21.0,27.0,48.0,94.5,0.0106,0,1840,GEDCOM-royal92,
GED-OF_BELGIUM-1872,32.0,27.0,59.0,172.8,0.0058,4,1870,GEDCOM-royal92,
GED-OF_FLANDERS-1837,30.0,25.0,55.0,150.0,0.0067,3,1830,GEDCOM-royal92,
GED-LUDWIG-1831,32.0,23.0,55.0,81.8,0.0122,7,1830,GEDCOM-royal92,
GED-ALEXANDER-1967,29.0,29.0,58.0,9999.0,0.0001,2,1960,GEDCOM-royal92,
GED-OF_MECKLENBURG--1823,27.0,20.0,47.0,77.1,0.013,0,1820,GEDCOM-royal92,
GED-ROMANOV-1754,17.0,25.0,42.0,53.1,0.0188,0,1750,GEDCOM-royal92,
GED-ROMANOV-1728,25.0,20.0,45.0,100.0,0.01,0,1720,GEDCOM-royal92,
GED-NICHOLAS-1909,20.0,19.0,39.0,380.0,0.0026,0,1900,GEDCOM-royal92,
GED-OF_SPAIN-1638,29.0,36.0,65.0,149.1,0.0067,0,1630,GEDCOM-royal92,
GED-RUDOLF-1858,29.0,21.0,50.0,76.1,0.0131,2,1850,GEDCOM-royal92,
GED-KOULIKOVSKY-1917,35.0,35.0,70.0,9999.0,0.0001,1,1910,GEDCOM-royal92,
GED-ANDREW-1897,28.0,22.0,50.0,102.7,0.0097,6,1890,GEDCOM-royal92,
GED-GEORGE-1897,27.0,23.0,50.0,155.2,0.0064,1,1890,GEDCOM-royal92,
GED-BARIATINSKY-1902,31.0,24.0,55.0,106.3,0.0094,1,1900,GEDCOM-royal92,
GED-FREDERICK-1968,30.0,28.0,58.0,420.0,0.0024,1,1960,GEDCOM-royal92,
GED-FREDERICK_VI-1768,32.0,17.0,49.0,36.3,0.0275,1,1760,GEDCOM-royal92,
GED-CHRISTIAN-1791,17.0,24.0,41.0,58.3,0.0172,7,1790,GEDCOM-royal92,
GED-CAROLINE-1796,20.0,25.0,45.0,100.0,0.01,0,1790,GEDCOM-royal92,
GED-ELIZABETH-1935,24.0,23.0,47.0,552.0,0.0018,2,1930,GEDCOM-royal92,
GED-WILLIAM-1840,30.0,22.0,52.0,82.5,0.0121,2,1840,GEDCOM-royal92,
GED-RAMSAY-1919,26.0,33.0,59.0,122.6,0.0082,0,1910,GEDCOM-royal92,
GED-DE_FRANCE-1661,36.0,23.0,59.0,63.7,0.0157,0,1660,GEDCOM-royal92,
GED-LOUIS-1931,26.0,20.0,46.0,86.7,0.0115,2,1930,GEDCOM-royal92,
GED-LOUISE-1965,26.0,31.0,57.0,161.2,0.0062,2,1960,GEDCOM-royal92,
GED-CHRISTIAN-1962,29.0,25.0,54.0,181.2,0.0055,2,1960,GEDCOM-royal92,
GED-EDMUND-1965,30.0,27.0,57.0,270.0,0.0037,2,1960,GEDCOM-royal92,
GED-VICTOR-1975,35.0,32.0,67.0,373.3,0.0027,2,1970,GEDCOM-royal92,
GED-STRAEHL-1956,22.0,23.0,45.0,506.0,0.002,4,1950,GEDCOM-royal92,
GED-KAUTZ-1957,24.0,22.0,46.0,264.0,0.0038,2,1950,GEDCOM-royal92,
GED-VON_ARBIN-1937,23.0,21.0,44.0,241.5,0.0041,4,1930,GEDCOM-royal92,
GED-FLACH-1960,21.0,23.0,44.0,241.5,0.0041,0,1960,GEDCOM-royal92,
GED-BERGSTROM-1963,24.0,23.0,47.0,552.0,0.0018,1,1960,GEDCOM-royal92,
GED-RYDING-1971,30.0,25.0,55.0,150.0,0.0067,1,1970,GEDCOM-royal92,
GED-REUTERSWARD-1971,27.0,26.0,53.0,702.0,0.0014,1,1970,GEDCOM-royal92,
GED-NILERT-1950,33.0,24.0,57.0,88.0,0.0114,2,1950,GEDCOM-royal92,
GED-ULLENS-1964,34.0,26.0,60.0,110.5,0.009,3,1960,GEDCOM-royal92,
GED-FLETCHER-1873,27.0,35.0,62.0,118.1,0.0085,0,1870,GEDCOM-royal92,
GED-MOWATT-1990,30.0,24.0,54.0,120.0,0.0083,0,1990,GEDCOM-royal92,
GED-CLINTON-1946,22.0,23.0,45.0,506.0,0.002,0,1940,GEDCOM-pres2020,
GED-II-1918,41.0,25.0,66.0,64.1,0.0156,0,1910,GEDCOM-pres2020,
GED-CASSIDY-1923,23.0,22.0,45.0,506.0,0.002,0,1920,GEDCOM-pres2020,
GED-BLYTHE-1884,25.0,27.0,52.0,337.5,0.003,0,1880,GEDCOM-pres2020,
GED-AYERS-1893,27.0,41.0,68.0,79.1,0.0126,1,1890,GEDCOM-pres2020,
GED-CASSIDY-1898,30.0,40.0,70.0,120.0,0.0083,0,1890,GEDCOM-pres2020,
GED-GRISHAM-1901,30.0,23.0,53.0,98.6,0.0101,0,1900,GEDCOM-pres2020,
GED-HINES-1857,35.0,25.0,60.0,87.5,0.0114,0,1850,GEDCOM-pres2020,
GED-RUSSELL-1858,28.0,30.0,58.0,420.0,0.0024,0,1850,GEDCOM-pres2020,
GED-REAGAN-1883,27.0,26.0,53.0,702.0,0.0014,0,1880,GEDCOM-pres2020,
GED-WILSON-1844,23.0,20.0,43.0,153.3,0.0065,0,1840,GEDCOM-pres2020,
GED-WILSON-1883,23.0,40.0,63.0,54.1,0.0185,0,1880,GEDCOM-pres2020,
GED-REAGAN-1911,40.0,28.0,68.0,93.3,0.0107,1,1910,GEDCOM-pres2020,
GED-ROBBINS-1921,39.0,33.0,72.0,214.5,0.0047,0,1920,GEDCOM-pres2020,
GED-REAGAN-1952,33.0,31.0,64.0,511.5,0.002,1,1950,GEDCOM-pres2020,
GED-BURDG-1783,26.0,32.0,58.0,138.7,0.0072,0,1780,GEDCOM-pres2020,
GED-BURDG-1821,32.0,35.0,67.0,373.3,0.0027,0,1820,GEDCOM-pres2020,
GED-MATTHEWS-1786,34.0,32.0,66.0,544.0,0.0018,0,1780,GEDCOM-pres2020,
GED-HEMINGWAY-1824,24.0,20.0,44.0,120.0,0.0083,0,1820,GEDCOM-pres2020,
GED-MALMSBURY-1804,37.0,24.0,61.0,68.3,0.0146,0,1800,GEDCOM-pres2020,
GED-BURDG-1849,20.0,25.0,45.0,100.0,0.01,0,1840,GEDCOM-pres2020,
GED-MILHOUS-1848,26.0,21.0,47.0,109.2,0.0092,0,1840,GEDCOM-pres2020,
GED-MILHOUS-1885,25.0,36.0,61.0,81.8,0.0122,0,1880,GEDCOM-pres2020,
GED-NIXON-1878,20.0,26.0,46.0,86.7,0.0115,4,1870,GEDCOM-pres2020,
GED-NIXON-1913,36.0,28.0,64.0,126.0,0.0079,0,1910,GEDCOM-pres2020,
GED-NIXON-1946,33.0,34.0,67.0,1122.0,0.0009,1,1940,GEDCOM-pres2020,
GED-NIXON-1847,22.0,21.0,43.0,462.0,0.0022,0,1840,GEDCOM-pres2020,
GED-WADSWORTH-1852,25.0,20.0,45.0,100.0,0.01,0,1850,GEDCOM-pres2020,
GED-MOORE-1832,30.0,25.0,55.0,150.0,0.0067,0,1830,GEDCOM-pres2020,
GED-MILHOUS-1820,29.0,34.0,63.0,197.2,0.0051,0,1820,GEDCOM-pres2020,
GED-GRIFFITH-1827,42.0,26.0,68.0,68.2,0.0147,0,1820,GEDCOM-pres2020,
GED-MILHOUS-1783,27.0,35.0,62.0,118.1,0.0085,0,1780,GEDCOM-pres2020,
GED-VICKERS-1786,20.0,29.0,49.0,64.4,0.0155,0,1780,GEDCOM-pres2020,
GED-MENDENHALL-1757,44.0,20.0,64.0,36.7,0.0272,1,1750,GEDCOM-pres2020,
GED-LINCOLN-1843,24.0,25.0,49.0,600.0,0.0017,3,1840,GEDCOM-pres2020,
GED-WASHINGTON-1693,27.0,23.0,50.0,155.2,0.0064,0,1690,GEDCOM-pres2020,
GED-WARNER-1670,18.0,27.0,45.0,54.0,0.0185,1,1670,GEDCOM-pres2020,
GED-READE-1643,32.0,18.0,50.0,41.1,0.0243,1,1640,GEDCOM-pres2020,
GED-CUSTIS-1751,21.0,20.0,41.0,420.0,0.0024,3,1750,GEDCOM-pres2020,
GED-BOWES-LYON-1855,27.0,23.0,50.0,155.2,0.0064,0,1850,GEDCOM-pres2020,
GED-BUSH-1924,27.0,23.0,50.0,155.2,0.0064,4,1920,GEDCOM-pres2020,
GED-II-1766,27.0,24.0,51.0,216.0,0.0046,0,1760,GEDCOM-pres2020,
GED-NEWCOMB-1763,31.0,33.0,64.0,511.5,0.002,0,1760,GEDCOM-pres2020,
GED-BUSH-1797,33.0,34.0,67.0,1122.0,0.0009,0,1790,GEDCOM-pres2020,
GED-BUSH-1863,21.0,34.0,55.0,54.9,0.0182,0,1860,GEDCOM-pres2020,
GED-SHELDON-1872,28.0,22.0,50.0,102.7,0.0097,0,1870,GEDCOM-pres2020,
GED-BUSH-1895,22.0,23.0,45.0,506.0,0.002,0,1890,GEDCOM-pres2020,
GED-WALKER-1901,27.0,27.0,54.0,9999.0,0.0001,0,1900,GEDCOM-pres2020,
GED-BANGS-1739,27.0,24.0,51.0,216.0,0.0046,0,1730,GEDCOM-pres2020,
GED-BANGS-1780,23.0,29.0,52.0,111.2,0.009,0,1780,GEDCOM-pres2020,
GED-BANGS-1817,24.0,30.0,54.0,120.0,0.0083,0,1810,GEDCOM-pres2020,
GED-WALKER-1875,24.0,34.0,58.0,81.6,0.0123,0,1870,GEDCOM-pres2020,
GED-BUTLER-1850,22.0,28.0,50.0,102.7,0.0097,0,1850,GEDCOM-pres2020,
GED-WHEELER-1800,27.0,23.0,50.0,155.2,0.0064,0,1800,GEDCOM-pres2020,
GED-PIERCE-1763,38.0,45.0,83.0,244.3,0.0041,0,1760,GEDCOM-pres2020,
GED-BUTLER-1785,37.0,21.0,58.0,48.6,0.0206,0,1780,GEDCOM-pres2020,
GED-BUTLER-1813,24.0,28.0,52.0,168.0,0.006,0,1810,GEDCOM-pres2020,
GED-FAY-1751,33.0,22.0,55.0,66.0,0.0152,0,1750,GEDCOM-pres2020,
GED-FAY-1778,34.0,21.0,55.0,54.9,0.0182,0,1770,GEDCOM-pres2020,
GED-BEAKY-1841,30.0,24.0,54.0,120.0,0.0083,0,1840,GEDCOM-pres2020,
GED-SHELLMAN-1756,28.0,25.0,53.0,233.3,0.0043,0,1750,GEDCOM-pres2020,
GED-PIERCE-1822,23.0,22.0,45.0,506.0,0.002,0,1820,GEDCOM-pres2020,
GED-HARRISON-1796,34.0,21.0,55.0,54.9,0.0182,9,1790,GEDCOM-pres2020,
GED-HARRISON-1854,21.0,22.0,43.0,462.0,0.0022,2,1850,GEDCOM-pres2020,
GED-HARRISON-1897,30.0,39.0,69.0,130.0,0.0077,0,1890,GEDCOM-pres2020,
GED-JOHNSON-1808,18.0,26.0,44.0,58.5,0.0171,2,1800,GEDCOM-pres2020,
GED-MCDONOUGH-1782,45.0,18.0,63.0,30.0,0.0333,0,1780,GEDCOM-pres2020,
GED-EISENHOWER-1917,18.0,21.0,39.0,126.0,0.0079,1,1910,GEDCOM-pres2020,
GED-SCHLOSSBERG-1988,28.0,31.0,59.0,289.3,0.0035,0,1980,GEDCOM-pres2020,
GED-II-1954,31.0,33.0,64.0,511.5,0.002,4,1950,GEDCOM-pres2020,
GED-LAWFORD-1955,34.0,31.0,65.0,351.3,0.0028,3,1950,GEDCOM-pres2020,
GED-SMITH-1957,38.0,29.0,67.0,122.4,0.0082,3,1950,GEDCOM-pres2020,
GED-FORD-1950,34.0,32.0,66.0,544.0,0.0018,3,1950,GEDCOM-pres2020,
GED-JACK-1947,22.0,20.0,42.0,220.0,0.0045,3,1940,GEDCOM-pres2020,
GED-TYLER-1846,21.0,26.0,47.0,109.2,0.0092,6,1840,GEDCOM-pres2020,
GED-CLEVELAND-1891,24.0,27.0,51.0,216.0,0.0046,4,1890,GEDCOM-pres2020,
GED-TRUMAN-1924,23.0,39.0,62.0,56.1,0.0178,0,1920,GEDCOM-pres2020,
GED-DANIEL-1957,39.0,33.0,72.0,214.5,0.0047,3,1950,GEDCOM-pres2020,
GED-ROOSEVELT-1906,21.0,22.0,43.0,462.0,0.0022,5,1900,GEDCOM-pres2020,
GED-HOOVER-1903,25.0,29.0,54.0,181.2,0.0055,1,1900,GEDCOM-pres2020,
GED-PIERCE-1836,27.0,30.0,57.0,270.0,0.0037,2,1830,GEDCOM-pres2020,
GED-ARTHUR-1860,20.0,23.0,43.0,153.3,0.0065,2,1860,GEDCOM-pres2020,
GED-GRANT-1850,33.0,24.0,57.0,88.0,0.0114,3,1850,GEDCOM-pres2020,
GED-GARFIELD-1860,22.0,28.0,50.0,102.7,0.0097,6,1860,GEDCOM-pres2020,
GED-HAYES-1853,30.0,22.0,52.0,82.5,0.0121,7,1850,GEDCOM-pres2020,
GED-MCKINLEY-1871,20.0,24.0,44.0,120.0,0.0083,1,1870,GEDCOM-pres2020,
GED-HARDING-1919,25.0,23.0,48.0,287.5,0.0035,0,1910,GEDCOM-pres2020,
GED-II-1735,24.0,26.0,50.0,312.0,0.0032,2,1730,GEDCOM-pres2020,
GED-ADAMS-1767,23.0,23.0,46.0,9999.0,0.0001,4,1760,GEDCOM-pres2020,
GED-JEFFERSON-1772,36.0,24.0,60.0,72.0,0.0139,5,1770,GEDCOM-pres2020,
GED-TODD-1793,25.0,25.0,50.0,9999.0,0.0001,1,1790,GEDCOM-pres2020,
GED-II-1807,31.0,24.0,55.0,106.3,0.0094,4,1800,GEDCOM-pres2020,
GED-MCKEE-1887,26.0,29.0,55.0,251.3,0.004,1,1880,GEDCOM-pres2020,
GED-JOHNSON-1944,38.0,32.0,70.0,202.7,0.0049,1,1940,GEDCOM-pres2020,
GED-LINDLEY-1764,23.0,45.0,68.0,47.0,0.0213,0,1760,GEDCOM-pres2020,
GED-PATTERSON-1859,18.0,31.0,49.0,42.9,0.0233,1,1850,GEDCOM-pres2020,
GED-STOVER-1855,22.0,23.0,45.0,506.0,0.002,2,1850,GEDCOM-pres2020,
GED-LANE-1830,26.0,37.0,63.0,87.5,0.0114,4,1830,GEDCOM-pres2020,
GED-FILLMORE-1832,40.0,34.0,74.0,226.7,0.0044,1,1830,GEDCOM-pres2020,
WD-African-Q4116131,26.0,19.0,45.0,70.6,0.0142,2,1940,Wikidata-African,
WD-African-Q7243754,27.0,20.0,47.0,77.1,0.013,0,1940,Wikidata-African,
WD-African-Q6043874,39.0,19.0,58.0,37.0,0.027,0,1880,Wikidata-African,
WD-African-Q76,20.0,19.0,39.0,380.0,0.0026,1,1960,Wikidata-African,
WD-African-Q67320352,38.0,33.0,71.0,250.8,0.004,1,1900,Wikidata-African,
WD-African-Q67320352,37.0,33.0,70.0,305.2,0.0033,1,1900,Wikidata-African,
WD-African-Q5078755,31.0,21.0,52.0,65.1,0.0154,8,1850,Wikidata-African,
WD-African-Q7606514,15.0,25.0,40.0,37.5,0.0267,0,1950,Wikidata-African,
WD-African-Q4696632,21.0,15.0,36.0,52.5,0.019,5,1920,Wikidata-African,
WD-African-Q104801702,29.0,19.0,48.0,55.1,0.0181,1,1940,Wikidata-African,
WD-African-Q539930,33.0,30.0,63.0,330.0,0.003,3,1920,Wikidata-African,
WD-African-Q12247829,25.0,37.0,62.0,77.1,0.013,1,1980,Wikidata-African,
WD-African-Q5498569,34.0,35.0,69.0,1190.0,0.0008,4,1860,Wikidata-African,
WD-African-Q317521,34.0,23.0,57.0,71.1,0.0141,2,1970,Wikidata-African,
WD-African-Q5367730,35.0,22.0,57.0,59.2,0.0169,0,1900,Wikidata-African,
WD-African-Q5545509,31.0,25.0,56.0,129.2,0.0077,5,1870,Wikidata-African,
WD-African-Q75276957,34.0,28.0,62.0,158.7,0.0063,3,1870,Wikidata-African,
WD-African-Q5343422,21.0,26.0,47.0,109.2,0.0092,4,1870,Wikidata-African,
WD-African-Q5481217,41.0,27.0,68.0,79.1,0.0126,5,1860,Wikidata-African,
WD-African-Q14837,29.0,37.0,66.0,134.1,0.0075,4,1900,Wikidata-African,
WD-African-Q5128759,23.0,23.0,46.0,9999.0,0.0001,8,1870,Wikidata-African,
WD-African-Q212286,24.0,42.0,66.0,56.0,0.0179,0,1910,Wikidata-African,
WD-African-Q15077527,29.0,32.0,61.0,309.3,0.0032,2,1880,Wikidata-African,
WD-Chinese-Q123925974,29.0,27.0,56.0,391.5,0.0026,0,1970,Wikidata-Chinese,
WD-Chinese-Q1934544,35.0,32.0,67.0,373.3,0.0027,0,1970,Wikidata-Chinese,
WD-Chinese-Q4931095,36.0,29.0,65.0,149.1,0.0067,0,1980,Wikidata-Chinese,
WD-Chinese-Q15910734,27.0,36.0,63.0,108.0,0.0093,1,1970,Wikidata-Chinese,
WD-Chinese-Q15910734,26.0,36.0,62.0,93.6,0.0107,1,1970,Wikidata-Chinese,
WD-Chinese-Q11075337,29.0,27.0,56.0,391.5,0.0026,0,1920,Wikidata-Chinese,
WD-Chinese-Q18207662,29.0,23.0,52.0,111.2,0.009,0,1930,Wikidata-Chinese,
WD-Chinese-Q39388625,20.0,31.0,51.0,56.4,0.0177,2,1920,Wikidata-Chinese,
WD-Chinese-Q9213914,26.0,30.0,56.0,195.0,0.0051,0,1960,Wikidata-Chinese,
WD-Japanese-Q217096,25.0,26.0,51.0,650.0,0.0015,2,1960,Wikidata-Japanese,
WD-Japanese-Q311238,22.0,42.0,64.0,46.2,0.0216,3,1970,Wikidata-Japanese,
WD-Japanese-Q37979,24.0,30.0,54.0,120.0,0.0083,6,1930,Wikidata-Japanese,
WD-Japanese-Q313641,22.0,24.0,46.0,264.0,0.0038,1,1590,Wikidata-Japanese,
WD-Japanese-Q174231,18.0,16.0,34.0,144.0,0.0069,0,1850,Wikidata-Japanese,
WD-Japanese-Q120564,34.0,17.0,51.0,34.0,0.0294,4,1620,Wikidata-Japanese,
WD-Japanese-Q34479,35.0,17.0,52.0,33.1,0.0302,3,1900,Wikidata-Japanese,
WD-Japanese-Q314481,26.0,31.0,57.0,161.2,0.0062,7,1600,Wikidata-Japanese,
WD-Japanese-Q132596,26.0,25.0,51.0,650.0,0.0015,2,1940,Wikidata-Japanese,
WD-Japanese-Q313870,17.0,18.0,35.0,306.0,0.0033,0,1720,Wikidata-Japanese,
WD-Japanese-Q467655,27.0,20.0,47.0,77.1,0.013,3,1910,Wikidata-Japanese,
WD-Japanese-Q157052,27.0,20.0,47.0,77.1,0.013,2,1870,Wikidata-Japanese,
WD-Japanese-Q51029,27.0,19.0,46.0,64.1,0.0156,1,1900,Wikidata-Japanese,
WD-Japanese-Q315555,22.0,20.0,42.0,220.0,0.0045,1,1930,Wikidata-Japanese,
WD-Japanese-Q132345,27.0,26.0,53.0,702.0,0.0014,2,1950,Wikidata-Japanese,
WD-Japanese-Q117012,36.0,22.0,58.0,56.6,0.0177,0,1930,Wikidata-Japanese,
WD-Japanese-Q462953,19.0,23.0,42.0,109.2,0.0092,1,1910,Wikidata-Japanese,
WD-Japanese-Q496421,19.0,30.0,49.0,51.8,0.0193,1,1930,Wikidata-Japanese,
WD-Japanese-Q6782487,22.0,28.0,50.0,102.7,0.0097,4,1950,Wikidata-Japanese,
WD-Japanese-Q2506910,28.0,23.0,51.0,128.8,0.0078,0,1960,Wikidata-Japanese,
WD-Japanese-Q850920,21.0,21.0,42.0,9999.0,0.0001,1,1900,Wikidata-Japanese,
WD-Japanese-Q3140918,33.0,23.0,56.0,75.9,0.0132,4,1580,Wikidata-Japanese,
WD-Japanese-Q2379961,40.0,26.0,66.0,74.3,0.0135,1,1980,Wikidata-Japanese,
WD-Japanese-Q672741,20.0,17.0,37.0,113.3,0.0088,0,1860,Wikidata-Japanese,
WD-Japanese-Q5507446,28.0,32.0,60.0,224.0,0.0045,0,1970,Wikidata-Japanese,
WD-Japanese-Q3350116,18.0,20.0,38.0,180.0,0.0056,4,1580,Wikidata-Japanese,
WD-Japanese-Q967501,18.0,34.0,52.0,38.2,0.0262,2,1560,Wikidata-Japanese,
WD-Japanese-Q3341488,19.0,15.0,34.0,71.2,0.014,1,1600,Wikidata-Japanese,
WD-Japanese-Q5875922,23.0,39.0,62.0,56.1,0.0178,1,1920,Wikidata-Japanese,
WD-Japanese-Q1156668,22.0,19.0,41.0,139.3,0.0072,3,1560,Wikidata-Japanese,
WD-Japanese-Q5892750,18.0,19.0,37.0,342.0,0.0029,2,1590,Wikidata-Japanese,
WD-Japanese-Q982743,12.0,15.0,27.0,60.0,0.0167,0,1650,Wikidata-Japanese,
WD-Japanese-Q1849432,29.0,22.0,51.0,91.1,0.011,2,1900,Wikidata-Japanese,
WD-Japanese-Q3324086,29.0,21.0,50.0,76.1,0.0131,3,1910,Wikidata-Japanese,
WD-Japanese-Q1187442,33.0,19.0,52.0,44.8,0.0223,0,1580,Wikidata-Japanese,
WD-Japanese-Q3148404,21.0,20.0,41.0,420.0,0.0024,2,1630,Wikidata-Japanese,
WD-Japanese-Q6729106,26.0,17.0,43.0,49.1,0.0204,5,1610,Wikidata-Japanese,
WD-Japanese-Q6274866,30.0,23.0,53.0,98.6,0.0101,2,1900,Wikidata-Japanese,
WD-Japanese-Q767309,25.0,35.0,60.0,87.5,0.0114,6,1580,Wikidata-Japanese,
WD-Japanese-Q6604704,27.0,23.0,50.0,155.2,0.0064,3,1920,Wikidata-Japanese,
WD-Japanese-Q923579,18.0,25.0,43.0,64.3,0.0156,2,1660,Wikidata-Japanese,
WD-Japanese-Q838192,42.0,27.0,69.0,75.6,0.0132,0,1610,Wikidata-Japanese,
WD-Japanese-Q3246901,31.0,32.0,63.0,992.0,0.001,2,1940,Wikidata-Japanese,
WD-Japanese-Q4805099,20.0,20.0,40.0,9999.0,0.0001,2,1560,Wikidata-Japanese,
WD-Japanese-Q1578995,25.0,19.0,44.0,79.2,0.0126,0,1910,Wikidata-Japanese,
WD-Japanese-Q5752252,41.0,26.0,67.0,71.1,0.0141,0,1930,Wikidata-Japanese,
WD-Japanese-Q7350811,31.0,29.0,60.0,449.5,0.0022,3,1840,Wikidata-Japanese,
WD-Japanese-Q1742537,17.0,17.0,34.0,9999.0,0.0001,0,1600,Wikidata-Japanese,
WD-Japanese-Q6013274,35.0,15.0,50.0,26.2,0.0382,1,1640,Wikidata-Japanese,
WD-Japanese-Q1961980,33.0,17.0,50.0,35.1,0.0285,0,1910,Wikidata-Japanese,
WD-Japanese-Q1131942,28.0,27.0,55.0,756.0,0.0013,2,1940,Wikidata-Japanese,
WD-Japanese-Q6636908,23.0,25.0,48.0,287.5,0.0035,0,1960,Wikidata-Japanese,
WD-Japanese-Q6636952,23.0,19.0,42.0,109.2,0.0092,0,1910,Wikidata-Japanese,
WD-Japanese-Q752852,41.0,18.0,59.0,32.1,0.0312,0,1910,Wikidata-Japanese,
WD-Japanese-Q6636976,22.0,31.0,53.0,75.8,0.0132,0,1930,Wikidata-Japanese,
WD-Japanese-Q11541224,20.0,25.0,45.0,100.0,0.01,0,1850,Wikidata-Japanese,
WD-Japanese-Q11576025,34.0,26.0,60.0,110.5,0.009,0,1970,Wikidata-Japanese,
WD-Japanese-Q11246709,36.0,23.0,59.0,63.7,0.0157,0,1960,Wikidata-Japanese,
WD-Japanese-Q11499920,29.0,19.0,48.0,55.1,0.0181,13,1960,Wikidata-Japanese,
WD-Japanese-Q11470526,23.0,17.0,40.0,65.2,0.0153,0,1920,Wikidata-Japanese,
WD-Japanese-Q6997629,23.0,30.0,53.0,98.6,0.0101,3,1920,Wikidata-Japanese,
WD-Japanese-Q11523909,22.0,20.0,42.0,220.0,0.0045,2,1940,Wikidata-Japanese,
WD-Japanese-Q7140646,26.0,16.0,42.0,41.6,0.024,0,1940,Wikidata-Japanese,
WD-Japanese-Q10517461,24.0,21.0,45.0,168.0,0.006,1,1610,Wikidata-Japanese,
WD-Japanese-Q9129322,18.0,22.0,40.0,99.0,0.0101,0,1920,Wikidata-Japanese,
WD-Japanese-Q11476797,20.0,22.0,42.0,220.0,0.0045,0,1930,Wikidata-Japanese,
WD-Japanese-Q11104448,28.0,15.0,43.0,32.3,0.031,2,1610,Wikidata-Japanese,
WD-Japanese-Q7137216,21.0,26.0,47.0,109.2,0.0092,0,1970,Wikidata-Japanese,
WD-Japanese-Q11499964,27.0,28.0,55.0,756.0,0.0013,6,1930,Wikidata-Japanese,
WD-Japanese-Q10729460,24.0,28.0,52.0,168.0,0.006,3,1910,Wikidata-Japanese,
WD-Japanese-Q8060706,27.0,42.0,69.0,75.6,0.0132,0,1910,Wikidata-Japanese,
WD-Japanese-Q11381098,20.0,33.0,53.0,50.8,0.0197,0,1730,Wikidata-Japanese,
WD-Japanese-Q11395576,47.0,19.0,66.0,31.9,0.0313,0,1900,Wikidata-Japanese,
WD-Japanese-Q11395576,46.0,19.0,65.0,32.4,0.0309,0,1900,Wikidata-Japanese,
WD-Japanese-Q10856584,20.0,34.0,54.0,48.6,0.0206,5,1630,Wikidata-Japanese,
WD-Japanese-Q7079842,17.0,20.0,37.0,113.3,0.0088,2,1590,Wikidata-Japanese,
WD-Japanese-Q11463439,24.0,31.0,55.0,106.3,0.0094,0,1960,Wikidata-Japanese,
WD-Japanese-Q9020575,21.0,30.0,51.0,70.0,0.0143,1,1970,Wikidata-Japanese,
WD-Japanese-Q11395560,19.0,34.0,53.0,43.1,0.0232,2,1930,Wikidata-Japanese,
WD-Japanese-Q11372656,21.0,25.0,46.0,131.2,0.0076,0,1940,Wikidata-Japanese,
WD-Japanese-Q11401401,18.0,16.0,34.0,144.0,0.0069,1,1900,Wikidata-Japanese,
WD-Japanese-Q11360852,20.0,30.0,50.0,60.0,0.0167,0,1980,Wikidata-Japanese,
WD-Japanese-Q7244114,24.0,30.0,54.0,120.0,0.0083,6,1900,Wikidata-Japanese,
WD-Japanese-Q11563684,31.0,30.0,61.0,930.0,0.0011,2,1890,Wikidata-Japanese,
WD-Japanese-Q11479103,34.0,27.0,61.0,131.1,0.0076,1,1960,Wikidata-Japanese,
WD-Japanese-Q10885329,18.0,25.0,43.0,64.3,0.0156,1,1700,Wikidata-Japanese,
WD-Japanese-Q7142140,33.0,27.0,60.0,148.5,0.0067,0,1940,Wikidata-Japanese,
WD-Japanese-Q7244118,17.0,30.0,47.0,39.2,0.0255,2,1810,Wikidata-Japanese,
WD-Japanese-Q11355821,24.0,34.0,58.0,81.6,0.0123,2,1880,Wikidata-Japanese,
WD-Japanese-Q7138595,17.0,32.0,49.0,36.3,0.0275,0,1910,Wikidata-Japanese,
WD-Japanese-Q8054580,22.0,25.0,47.0,183.3,0.0055,1,1920,Wikidata-Japanese,
WD-Japanese-Q11490265,35.0,25.0,60.0,87.5,0.0114,0,1910,Wikidata-Japanese,
WD-Japanese-Q11067920,24.0,24.0,48.0,9999.0,0.0001,0,1920,Wikidata-Japanese,
WD-Japanese-Q11370775,29.0,22.0,51.0,91.1,0.011,0,1910,Wikidata-Japanese,
WD-Japanese-Q118117065,31.0,34.0,65.0,351.3,0.0028,0,1980,Wikidata-Japanese,
WD-Japanese-Q92685695,27.0,40.0,67.0,83.1,0.012,0,2010,Wikidata-Japanese,
WD-Japanese-Q97031372,35.0,25.0,60.0,87.5,0.0114,0,1970,Wikidata-Japanese,
WD-Japanese-Q12602394,30.0,20.0,50.0,60.0,0.0167,0,1930,Wikidata-Japanese,
WD-Japanese-Q20039445,33.0,23.0,56.0,75.9,0.0132,0,1970,Wikidata-Japanese,
WD-Japanese-Q104549731,38.0,29.0,67.0,122.4,0.0082,1,2000,Wikidata-Japanese,
WD-Japanese-Q130282594,28.0,33.0,61.0,184.8,0.0054,0,1980,Wikidata-Japanese,
WD-Japanese-Q118697613,36.0,23.0,59.0,63.7,0.0157,0,1870,Wikidata-Japanese,
WD-Japanese-Q20038897,33.0,23.0,56.0,75.9,0.0132,1,1990,Wikidata-Japanese,
WD-Japanese-Q111197312,32.0,31.0,63.0,992.0,0.001,4,1610,Wikidata-Japanese,
WD-Japanese-Q123415511,25.0,27.0,52.0,337.5,0.003,0,1870,Wikidata-Japanese,
WD-Japanese-Q112239854,20.0,24.0,44.0,120.0,0.0083,0,1930,Wikidata-Japanese,
WD-Japanese-Q11625053,22.0,35.0,57.0,59.2,0.0169,0,1980,Wikidata-Japanese,
WD-Japanese-Q11644155,23.0,19.0,42.0,109.2,0.0092,0,1940,Wikidata-Japanese,
WD-Japanese-Q130821878,25.0,33.0,58.0,103.1,0.0097,0,1970,Wikidata-Japanese,
WD-Japanese-Q11632766,27.0,28.0,55.0,756.0,0.0013,0,1950,Wikidata-Japanese,
WD-Japanese-Q108109698,34.0,27.0,61.0,131.1,0.0076,0,1960,Wikidata-Japanese,
WD-Japanese-Q17230235,27.0,22.0,49.0,118.8,0.0084,0,1950,Wikidata-Japanese,
WD-Japanese-Q27920990,20.0,23.0,43.0,153.3,0.0065,5,1890,Wikidata-Japanese,
WD-Japanese-Q17988733,38.0,26.0,64.0,82.3,0.0122,1,1930,Wikidata-Japanese,
WD-Japanese-Q18701019,19.0,31.0,50.0,49.1,0.0204,0,1890,Wikidata-Japanese,
WD-Japanese-Q15103558,25.0,31.0,56.0,129.2,0.0077,0,1910,Wikidata-Japanese,
WD-Japanese-Q48763627,19.0,26.0,45.0,70.6,0.0142,0,1950,Wikidata-Japanese,
WD-Japanese-Q123406944,18.0,36.0,54.0,36.0,0.0278,0,1890,Wikidata-Japanese,
WD-Japanese-Q11577259,38.0,21.0,59.0,46.9,0.0213,0,1920,Wikidata-Japanese,
WD-Indian-Q3626525,20.0,25.0,45.0,100.0,0.01,0,1960,Wikidata-Indian,
WD-Indian-Q146830,27.0,35.0,62.0,118.1,0.0085,1,1970,Wikidata-Indian,
WD-Indian-Q56701866,32.0,28.0,60.0,224.0,0.0045,0,2000,Wikidata-Indian,
WD-Indian-Q310867,37.0,30.0,67.0,158.6,0.0063,1,1950,Wikidata-Indian,
WD-Indian-Q58419501,32.0,36.0,68.0,288.0,0.0035,1,2010,Wikidata-Indian,
WD-Indian-Q2375810,22.0,25.0,47.0,183.3,0.0055,1,1900,Wikidata-Indian,
WD-Indian-Q68459,23.0,19.0,42.0,109.2,0.0092,0,1970,Wikidata-Indian,
WD-Indian-Q5565037,27.0,23.0,50.0,155.2,0.0064,0,1950,Wikidata-Indian,
WD-Indian-Q6946802,38.0,27.0,65.0,93.3,0.0107,1,1880,Wikidata-Indian,
WD-Indian-Q7244098,27.0,30.0,57.0,270.0,0.0037,0,1940,Wikidata-Indian,
WD-Indian-Q448399,32.0,27.0,59.0,172.8,0.0058,0,1920,Wikidata-Indian,
WD-Indian-Q3595812,20.0,33.0,53.0,50.8,0.0197,0,1940,Wikidata-Indian,
WD-Indian-Q146444,26.0,20.0,46.0,86.7,0.0115,1,1930,Wikidata-Indian,
WD-Indian-Q7632906,19.0,40.0,59.0,36.2,0.0276,0,1970,Wikidata-Indian,
WD-Indian-Q46018,23.0,25.0,48.0,287.5,0.0035,1,1970,Wikidata-Indian,
WD-Indian-Q5644727,20.0,36.0,56.0,45.0,0.0222,3,1890,Wikidata-Indian,
WD-Indian-Q56701844,26.0,23.0,49.0,199.3,0.005,1,1990,Wikidata-Indian,
WD-Indian-Q5316897,34.0,20.0,54.0,48.6,0.0206,0,1970,Wikidata-Indian,
WD-Indian-Q16735140,36.0,30.0,66.0,180.0,0.0056,1,1980,Wikidata-Indian,
WD-Indian-Q3518417,24.0,36.0,60.0,72.0,0.0139,1,1950,Wikidata-Indian,
WD-Indian-Q720334,22.0,19.0,41.0,139.3,0.0072,1,1930,Wikidata-Indian,
WD-Indian-Q106916726,18.0,28.0,46.0,50.4,0.0198,1,1940,Wikidata-Indian,
WD-Indian-Q3535532,17.0,25.0,42.0,53.1,0.0188,1,1940,Wikidata-Indian,
WD-Indian-Q5854217,28.0,27.0,55.0,756.0,0.0013,2,1990,Wikidata-Indian,
WD-Indian-Q2914941,39.0,20.0,59.0,41.1,0.0243,3,1880,Wikidata-Indian,
WD-Indian-Q7418393,24.0,34.0,58.0,81.6,0.0123,2,1960,Wikidata-Indian,
WD-Indian-Q4699780,39.0,29.0,68.0,113.1,0.0088,1,1930,Wikidata-Indian,
WD-Indian-Q16218782,36.0,24.0,60.0,72.0,0.0139,0,1970,Wikidata-Indian,
WD-Indian-Q4770971,35.0,25.0,60.0,87.5,0.0114,1,1960,Wikidata-Indian,
WD-Indian-Q7937517,41.0,27.0,68.0,79.1,0.0126,2,1990,Wikidata-Indian,
WD-Indian-Q2763206,17.0,26.0,43.0,49.1,0.0204,0,1970,Wikidata-Indian,
WD-Indian-Q105778406,31.0,31.0,62.0,9999.0,0.0001,1,2010,Wikidata-Indian,
WD-Indian-Q7494639,20.0,25.0,45.0,100.0,0.01,2,1800,Wikidata-Indian,
WD-Indian-Q464914,20.0,27.0,47.0,77.1,0.013,2,1910,Wikidata-Indian,
WD-Indian-Q7108159,30.0,45.0,75.0,90.0,0.0111,4,1900,Wikidata-Indian,
WD-Indian-Q156333,28.0,29.0,57.0,812.0,0.0012,1,1890,Wikidata-Indian,
WD-Indian-Q4895745,41.0,27.0,68.0,79.1,0.0126,10,1860,Wikidata-Indian,
WD-Indian-Q7499429,27.0,24.0,51.0,216.0,0.0046,1,1970,Wikidata-Indian,
WD-Indian-Q7293098,21.0,20.0,41.0,420.0,0.0024,1,1950,Wikidata-Indian,
WD-Indian-Q8075409,23.0,38.0,61.0,58.3,0.0172,0,1960,Wikidata-Indian,
WD-Indian-Q138314004,22.0,18.0,40.0,99.0,0.0101,0,2020,Wikidata-Indian,
WD-Indian-Q4593,18.0,27.0,45.0,54.0,0.0185,1,1940,Wikidata-Indian,
WD-Korean-Q130376187,27.0,26.0,53.0,702.0,0.0014,1,1970,Wikidata-Korean,
WD-Korean-Q484840,21.0,26.0,47.0,109.2,0.0092,1,1970,Wikidata-Korean,
WD-Korean-Q491143,21.0,30.0,51.0,70.0,0.0143,0,1960,Wikidata-Korean,
WD-Korean-Q103820496,28.0,29.0,57.0,812.0,0.0012,1,2000,Wikidata-Korean,
WD-Korean-Q624109,21.0,23.0,44.0,241.5,0.0041,3,1960,Wikidata-Korean,
WD-Korean-Q56433189,22.0,26.0,48.0,143.0,0.007,2,1950,Wikidata-Korean,
WD-Korean-Q56839651,17.0,22.0,39.0,74.8,0.0134,2,1950,Wikidata-Korean,
WD-Korean-Q137292194,29.0,30.0,59.0,870.0,0.0011,0,2000,Wikidata-Korean,
WD-Korean-Q56833518,25.0,33.0,58.0,103.1,0.0097,0,1970,Wikidata-Korean,
WD-Korean-Q57266067,27.0,23.0,50.0,155.2,0.0064,0,1980,Wikidata-Korean,
WD-Korean-Q134299478,25.0,14.0,39.0,31.8,0.0314,0,1970,Wikidata-Korean,
WD-Korean-Q624795,36.0,39.0,75.0,468.0,0.0021,0,1930,Wikidata-Korean,
WD-Korean-Q134411774,43.0,36.0,79.0,221.1,0.0045,0,1890,Wikidata-Korean,
WD-LatinAmerican-Q47461432,31.0,26.0,57.0,161.2,0.0062,0,1970,Wikidata-LatinAmerican,
WD-LatinAmerican-Q113007,20.0,19.0,39.0,380.0,0.0026,1,1950,Wikidata-LatinAmerican,
WD-LatinAmerican-Q2060442,34.0,32.0,66.0,544.0,0.0018,1,1940,Wikidata-LatinAmerican,
WD-LatinAmerican-Q7166214,23.0,38.0,61.0,58.3,0.0172,4,1960,Wikidata-LatinAmerican,
WD-LatinAmerican-Q2843006,18.0,37.0,55.0,35.1,0.0285,3,1870,Wikidata-LatinAmerican,
WD-LatinAmerican-Q2063498,29.0,26.0,55.0,251.3,0.004,0,1960,Wikidata-LatinAmerican,
WD-LatinAmerican-Q23710216,23.0,23.0,46.0,9999.0,0.0001,2,1950,Wikidata-LatinAmerican,
WD-LatinAmerican-Q10854314,27.0,32.0,59.0,172.8,0.0058,0,1830,Wikidata-LatinAmerican,
WD-LatinAmerican-Q5990539,22.0,21.0,43.0,462.0,0.0022,0,1930,Wikidata-LatinAmerican,
WD-LatinAmerican-Q2827360,37.0,21.0,58.0,48.6,0.0206,7,1800,Wikidata-LatinAmerican,
WD-LatinAmerican-Q5936563,19.0,20.0,39.0,380.0,0.0026,1,1830,Wikidata-LatinAmerican,
WD-LatinAmerican-Q2917307,31.0,19.0,50.0,49.1,0.0204,0,1810,Wikidata-LatinAmerican,
WD-LatinAmerican-Q5257555,19.0,20.0,39.0,380.0,0.0026,0,1970,Wikidata-LatinAmerican,
WD-LatinAmerican-Q5953868,23.0,30.0,53.0,98.6,0.0101,0,1980,Wikidata-LatinAmerican,
WD-LatinAmerican-Q5818156,28.0,29.0,57.0,812.0,0.0012,0,1970,Wikidata-LatinAmerican,
WD-LatinAmerican-Q5697975,33.0,31.0,64.0,511.5,0.002,2,1980,Wikidata-LatinAmerican,
WD-LatinAmerican-Q28065868,23.0,28.0,51.0,128.8,0.0078,0,1960,Wikidata-LatinAmerican,
WD-LatinAmerican-Q28065868,24.0,27.0,51.0,216.0,0.0046,0,1960,Wikidata-LatinAmerican,
WD-LatinAmerican-Q1290763,47.0,18.0,65.0,29.2,0.0342,1,1830,Wikidata-LatinAmerican,
WD-LatinAmerican-Q6762045,19.0,18.0,37.0,342.0,0.0029,0,1970,Wikidata-LatinAmerican,
WD-LatinAmerican-Q5992481,20.0,25.0,45.0,100.0,0.01,1,1840,Wikidata-LatinAmerican,
WD-LatinAmerican-Q5999677,22.0,24.0,46.0,264.0,0.0038,0,1970,Wikidata-LatinAmerican,
WD-LatinAmerican-Q1556803,20.0,41.0,61.0,39.0,0.0256,4,1920,Wikidata-LatinAmerican,
WD-LatinAmerican-Q27595478,22.0,17.0,39.0,74.8,0.0134,0,1950,Wikidata-LatinAmerican,
WD-LatinAmerican-Q3638294,19.0,26.0,45.0,70.6,0.0142,1,1970,Wikidata-LatinAmerican,
WD-LatinAmerican-Q909,39.0,23.0,62.0,56.1,0.0178,1,1890,Wikidata-LatinAmerican,
WD-LatinAmerican-Q8963939,31.0,27.0,58.0,209.2,0.0048,0,1880,Wikidata-LatinAmerican,
WD-LatinAmerican-Q21979421,20.0,29.0,49.0,64.4,0.0155,0,1950,Wikidata-LatinAmerican,
WD-LatinAmerican-Q6096053,23.0,24.0,47.0,552.0,0.0018,0,1970,Wikidata-LatinAmerican,
WD-LatinAmerican-Q460960,30.0,27.0,57.0,270.0,0.0037,3,1970,Wikidata-LatinAmerican,
WD-LatinAmerican-Q55262113,23.0,43.0,66.0,49.5,0.0202,3,1860,Wikidata-LatinAmerican,
WD-LatinAmerican-Q6060328,24.0,28.0,52.0,168.0,0.006,2,1910,Wikidata-LatinAmerican,
WD-LatinAmerican-Q29073717,28.0,32.0,60.0,224.0,0.0045,1,1940,Wikidata-LatinAmerican,
WD-LatinAmerican-Q42399814,32.0,27.0,59.0,172.8,0.0058,0,1970,Wikidata-LatinAmerican,
WD-LatinAmerican-Q306,39.0,30.0,69.0,130.0,0.0077,3,1940,Wikidata-LatinAmerican,
WD-LatinAmerican-Q16856329,25.0,22.0,47.0,183.3,0.0055,0,1970,Wikidata-LatinAmerican,
WD-LatinAmerican-Q16596518,38.0,19.0,57.0,38.0,0.0263,0,1970,Wikidata-LatinAmerican,
WD-LatinAmerican-Q6408488,36.0,30.0,66.0,180.0,0.0056,0,1940,Wikidata-LatinAmerican,
WD-LatinAmerican-Q6851502,32.0,34.0,66.0,544.0,0.0018,1,1840,Wikidata-LatinAmerican,
WD-LatinAmerican-Q4316165,27.0,39.0,66.0,87.8,0.0114,0,1900,Wikidata-LatinAmerican,
WD-LatinAmerican-Q5935213,25.0,32.0,57.0,114.3,0.0087,0,1870,Wikidata-LatinAmerican,
WD-LatinAmerican-Q2178363,40.0,32.0,72.0,160.0,0.0063,0,1940,Wikidata-LatinAmerican,
WD-LatinAmerican-Q18008964,25.0,36.0,61.0,81.8,0.0122,1,1970,Wikidata-LatinAmerican,
WD-LatinAmerican-Q3291965,30.0,26.0,56.0,195.0,0.0051,0,1870,Wikidata-LatinAmerican,
WD-LatinAmerican-Q15304738,37.0,42.0,79.0,310.8,0.0032,0,1990,Wikidata-LatinAmerican,
WD-LatinAmerican-Q2429045,20.0,26.0,46.0,86.7,0.0115,1,1970,Wikidata-LatinAmerican,
WD-LatinAmerican-Q16298907,25.0,27.0,52.0,337.5,0.003,0,1970,Wikidata-LatinAmerican,
WD-LatinAmerican-Q6053858,24.0,26.0,50.0,312.0,0.0032,0,1960,Wikidata-LatinAmerican,
WD-LatinAmerican-Q133286051,27.0,21.0,48.0,94.5,0.0106,0,1990,Wikidata-LatinAmerican,
WD-LatinAmerican-Q27553948,26.0,25.0,51.0,650.0,0.0015,1,1990,Wikidata-LatinAmerican,
WD-LatinAmerican-Q116620001,26.0,22.0,48.0,143.0,0.007,1,2000,Wikidata-LatinAmerican,
WD-LatinAmerican-Q111076740,20.0,21.0,41.0,420.0,0.0024,0,1960,Wikidata-LatinAmerican,
WD-LatinAmerican-Q111076740,22.0,19.0,41.0,139.3,0.0072,0,1960,Wikidata-LatinAmerican,
WD-LatinAmerican-Q104015515,27.0,31.0,58.0,209.2,0.0048,0,2010,Wikidata-LatinAmerican,
WD-LatinAmerican-Q24457407,40.0,25.0,65.0,66.7,0.015,0,1990,Wikidata-LatinAmerican,
WD-LatinAmerican-Q111467070,31.0,34.0,65.0,351.3,0.0028,0,1990,Wikidata-LatinAmerican,
WD-LatinAmerican-Q126905030,28.0,24.0,52.0,168.0,0.006,0,1980,Wikidata-LatinAmerican,
WD-LatinAmerican-Q16301446,17.0,31.0,48.0,37.6,0.0266,0,1960,Wikidata-LatinAmerican,
WD-LatinAmerican-Q6105671,32.0,29.0,61.0,309.3,0.0032,0,1970,Wikidata-LatinAmerican,
WD-LatinAmerican-Q6105671,31.0,29.0,60.0,449.5,0.0022,0,1970,Wikidata-LatinAmerican,
WD-LatinAmerican-Q14753485,23.0,37.0,60.0,60.8,0.0164,0,1990,Wikidata-LatinAmerican,
WD-LatinAmerican-Q6036284,28.0,35.0,63.0,140.0,0.0071,1,1950,Wikidata-LatinAmerican,
WD-LatinAmerican-Q16531366,21.0,22.0,43.0,462.0,0.0022,0,1910,Wikidata-LatinAmerican,
WD-LatinAmerican-Q16531366,18.0,22.0,40.0,99.0,0.0101,0,1910,Wikidata-LatinAmerican,
WD-LatinAmerican-Q9016209,23.0,32.0,55.0,81.8,0.0122,1,1980,Wikidata-LatinAmerican,
WD-LatinAmerican-Q55807206,35.0,22.0,57.0,59.2,0.0169,0,1970,Wikidata-LatinAmerican,
WD-LatinAmerican-Q114877523,25.0,23.0,48.0,287.5,0.0035,0,1970,Wikidata-LatinAmerican,
WD-LatinAmerican-Q75288001,29.0,26.0,55.0,251.3,0.004,11,1950,Wikidata-LatinAmerican,
WD-LatinAmerican-Q30331247,30.0,29.0,59.0,870.0,0.0011,6,1950,Wikidata-LatinAmerican,
WD-LatinAmerican-Q133732948,31.0,27.0,58.0,209.2,0.0048,0,1870,Wikidata-LatinAmerican,
WD-LatinAmerican-Q51795719,20.0,34.0,54.0,48.6,0.0206,0,1930,Wikidata-LatinAmerican,
WD-LatinAmerican-Q20882479,30.0,35.0,65.0,210.0,0.0048,0,1990,Wikidata-LatinAmerican,
WD-LatinAmerican-Q99191716,18.0,29.0,47.0,47.5,0.0211,1,1780,Wikidata-LatinAmerican,
WD-LatinAmerican-Q130028790,23.0,32.0,55.0,81.8,0.0122,5,1830,Wikidata-LatinAmerican,
WD-LatinAmerican-Q55229293,37.0,18.0,55.0,35.1,0.0285,1,1950,Wikidata-LatinAmerican,
WD-LatinAmerican-Q132733420,21.0,29.0,50.0,76.1,0.0131,0,1950,Wikidata-LatinAmerican,
WD-LatinAmerican-Q134346758,22.0,27.0,49.0,118.8,0.0084,0,1890,Wikidata-LatinAmerican,
WD-LatinAmerican-Q134425401,42.0,35.0,77.0,210.0,0.0048,0,1880,Wikidata-LatinAmerican,
WD-LatinAmerican-Q137164000,17.0,31.0,48.0,37.6,0.0266,0,1930,Wikidata-LatinAmerican,
WD-LatinAmerican-Q137163834,17.0,17.0,34.0,9999.0,0.0001,0,1900,Wikidata-LatinAmerican,
WD-LatinAmerican-Q137190245,29.0,28.0,57.0,812.0,0.0012,1,1820,Wikidata-LatinAmerican,
WD-LatinAmerican-Q138001517,27.0,24.0,51.0,216.0,0.0046,0,1790,Wikidata-LatinAmerican,
WD-MiddleEastern-Q922206,18.0,25.0,43.0,64.3,0.0156,3,1960,Wikidata-MiddleEastern,
WD-MiddleEastern-Q256878,27.0,19.0,46.0,64.1,0.0156,2,1940,Wikidata-MiddleEastern,
WD-MiddleEastern-Q77554529,29.0,31.0,60.0,449.5,0.0022,1,1970,Wikidata-MiddleEastern,
WD-MiddleEastern-Q7062377,32.0,32.0,64.0,9999.0,0.0001,1,1950,Wikidata-MiddleEastern,
WD-MiddleEastern-Q4164894,33.0,20.0,53.0,50.8,0.0197,1,1970,Wikidata-MiddleEastern,
WD-MiddleEastern-Q124254926,32.0,31.0,63.0,992.0,0.001,0,1940,Wikidata-MiddleEastern,
WD-MiddleEastern-Q4160935,30.0,26.0,56.0,195.0,0.0051,3,1980,Wikidata-MiddleEastern,
WD-MiddleEastern-Q2613996,23.0,26.0,49.0,199.3,0.005,2,1940,Wikidata-MiddleEastern,
WD-MiddleEastern-Q16130464,22.0,27.0,49.0,118.8,0.0084,1,1970,Wikidata-MiddleEastern,
WD-MiddleEastern-Q2897291,29.0,27.0,56.0,391.5,0.0026,0,1950,Wikidata-MiddleEastern,
WD-MiddleEastern-Q23657185,34.0,33.0,67.0,1122.0,0.0009,0,1960,Wikidata-MiddleEastern,
WD-MiddleEastern-Q1148904,21.0,26.0,47.0,109.2,0.0092,0,1920,Wikidata-MiddleEastern,
WD-MiddleEastern-Q5824884,31.0,34.0,65.0,351.3,0.0028,1,1920,Wikidata-MiddleEastern,
WD-MiddleEastern-Q5942401,22.0,22.0,44.0,9999.0,0.0001,0,1840,Wikidata-MiddleEastern,
WD-MiddleEastern-Q5942401,31.0,13.0,44.0,22.4,0.0446,0,1840,Wikidata-MiddleEastern,
WD-MiddleEastern-Q2911403,32.0,25.0,57.0,114.3,0.0087,0,1940,Wikidata-MiddleEastern,
WD-MiddleEastern-Q340036,19.0,25.0,44.0,79.2,0.0126,0,1960,Wikidata-MiddleEastern,
WD-MiddleEastern-Q18038631,25.0,34.0,59.0,94.4,0.0106,0,1980,Wikidata-MiddleEastern,
WD-MiddleEastern-Q6563227,23.0,39.0,62.0,56.1,0.0178,0,1950,Wikidata-MiddleEastern,
WD-MiddleEastern-Q6817563,31.0,26.0,57.0,161.2,0.0062,3,1960,Wikidata-MiddleEastern,
WD-MiddleEastern-Q64830801,23.0,29.0,52.0,111.2,0.009,0,1970,Wikidata-MiddleEastern,
WD-MiddleEastern-Q6579998,23.0,42.0,65.0,50.8,0.0197,0,1980,Wikidata-MiddleEastern,
WD-MiddleEastern-Q6793503,26.0,35.0,61.0,101.1,0.0099,1,1980,Wikidata-MiddleEastern,
WD-MiddleEastern-Q60951224,32.0,43.0,75.0,125.1,0.008,2,1980,Wikidata-MiddleEastern,
WD-MiddleEastern-Q16131775,29.0,31.0,60.0,449.5,0.0022,0,1970,Wikidata-MiddleEastern,
WD-MiddleEastern-Q6996401,30.0,40.0,70.0,120.0,0.0083,0,1960,Wikidata-MiddleEastern,
WD-MiddleEastern-Q24038377,39.0,28.0,67.0,99.3,0.0101,0,1980,Wikidata-MiddleEastern,
WD-MiddleEastern-Q2903330,30.0,29.0,59.0,870.0,0.0011,0,1970,Wikidata-MiddleEastern,
WD-MiddleEastern-Q6852497,26.0,22.0,48.0,143.0,0.007,0,1940,Wikidata-MiddleEastern,
WD-MiddleEastern-Q24849508,33.0,28.0,61.0,184.8,0.0054,3,1950,Wikidata-MiddleEastern,
WD-MiddleEastern-Q42306371,23.0,25.0,48.0,287.5,0.0035,0,1980,Wikidata-MiddleEastern,
WD-MiddleEastern-Q2970189,32.0,29.0,61.0,309.3,0.0032,1,1940,Wikidata-MiddleEastern,
WD-Korean-Q76657833,27.0,30.0,57.0,270.0,0.0037,1,1980,Wikidata-Korean,
WD-MiddleEastern-Q125081882,33.0,32.0,65.0,1056.0,0.0009,0,1970,Wikidata-MiddleEastern,
WD-MiddleEastern-Q6834300,23.0,23.0,46.0,9999.0,0.0001,0,1970,Wikidata-MiddleEastern,
WD-MiddleEastern-Q123244196,31.0,34.0,65.0,351.3,0.0028,0,2000,Wikidata-MiddleEastern,
WD-MiddleEastern-Q171428,33.0,27.0,60.0,148.5,0.0067,0,1960,Wikidata-MiddleEastern,
WD-MiddleEastern-Q98900210,24.0,36.0,60.0,72.0,0.0139,0,1950,Wikidata-MiddleEastern,
WD-MiddleEastern-Q7039498,23.0,30.0,53.0,98.6,0.0101,0,1940,Wikidata-MiddleEastern,
WD-MiddleEastern-Q216536,29.0,28.0,57.0,812.0,0.0012,1,1890,Wikidata-MiddleEastern,
WD-MiddleEastern-Q107643572,33.0,34.0,67.0,1122.0,0.0009,0,2000,Wikidata-MiddleEastern,
WD-MiddleEastern-Q706143,43.0,27.0,70.0,72.6,0.0138,2,1900,Wikidata-MiddleEastern,
WD-Scandinavian-Q77555,30.0,33.0,63.0,330.0,0.003,6,1950,Wikidata-Scandinavian,
WD-Scandinavian-Q52890,26.0,22.0,48.0,143.0,0.007,3,1850,Wikidata-Scandinavian,
WD-Scandinavian-Q62247,22.0,36.0,58.0,56.6,0.0177,3,1580,Wikidata-Scandinavian,
WD-Scandinavian-Q52935,26.0,19.0,45.0,70.6,0.0142,0,1650,Wikidata-Scandinavian,
WD-Scandinavian-Q52933,28.0,32.0,60.0,224.0,0.0045,6,1680,Wikidata-Scandinavian,
WD-Scandinavian-Q52926,40.0,22.0,62.0,48.9,0.0204,0,1790,Wikidata-Scandinavian,
WD-Scandinavian-Q52924,19.0,22.0,41.0,139.3,0.0072,4,1820,Wikidata-Scandinavian,
WD-Scandinavian-Q57648,27.0,24.0,51.0,216.0,0.0046,2,1860,Wikidata-Scandinavian,
WD-Scandinavian-Q52937,23.0,27.0,50.0,155.2,0.0064,0,1620,Wikidata-Scandinavian,
WD-Scandinavian-Q52938,30.0,21.0,51.0,70.0,0.0143,3,1590,Wikidata-Scandinavian,
WD-Scandinavian-Q52928,33.0,28.0,61.0,184.8,0.0054,4,1740,Wikidata-Scandinavian,
WD-Scandinavian-Q52929,22.0,32.0,54.0,70.4,0.0142,1,1770,Wikidata-Scandinavian,
WD-Scandinavian-Q52932,36.0,23.0,59.0,63.7,0.0157,9,1670,Wikidata-Scandinavian,
WD-Scandinavian-Q57852,25.0,19.0,44.0,79.2,0.0126,0,1700,Wikidata-Scandinavian,
WD-Scandinavian-Q95179,29.0,26.0,55.0,251.3,0.004,4,1680,Wikidata-Scandinavian,
WD-Scandinavian-Q108688,24.0,23.0,47.0,552.0,0.0018,1,1660,Wikidata-Scandinavian,
WD-Scandinavian-Q52936,23.0,38.0,61.0,58.3,0.0172,4,1620,Wikidata-Scandinavian,
WD-Scandinavian-Q52931,33.0,28.0,61.0,184.8,0.0054,10,1710,Wikidata-Scandinavian,
WD-Scandinavian-Q62884,29.0,24.0,53.0,139.2,0.0072,2,1610,Wikidata-Scandinavian,
WD-Scandinavian-Q7546,25.0,29.0,54.0,181.2,0.0055,2,1910,Wikidata-Scandinavian,
WD-Scandinavian-Q431364,26.0,18.0,44.0,58.5,0.0171,2,1790,Wikidata-Scandinavian,
WD-Scandinavian-Q69439,26.0,26.0,52.0,9999.0,0.0001,2,1770,Wikidata-Scandinavian,
WD-Scandinavian-Q54945,29.0,34.0,63.0,197.2,0.0051,0,1900,Wikidata-Scandinavian,
WD-Scandinavian-Q440427,22.0,25.0,47.0,183.3,0.0055,3,1660,Wikidata-Scandinavian,
WD-Scandinavian-Q1043,24.0,19.0,43.0,91.2,0.011,4,1700,Wikidata-Scandinavian,
WD-Scandinavian-Q1267,30.0,39.0,69.0,130.0,0.0077,3,1900,Wikidata-Scandinavian,
WD-Scandinavian-Q52927,34.0,35.0,69.0,1190.0,0.0008,1,1760,Wikidata-Scandinavian,
WD-Scandinavian-Q93526,26.0,33.0,59.0,122.6,0.0082,0,1940,Wikidata-Scandinavian,
WD-Scandinavian-Q167073,38.0,31.0,69.0,168.3,0.0059,1,1910,Wikidata-Scandinavian,
WD-Scandinavian-Q5443,23.0,33.0,56.0,75.9,0.0132,2,1900,Wikidata-Scandinavian,
WD-Scandinavian-Q44519,23.0,31.0,54.0,89.1,0.0112,1,1850,Wikidata-Scandinavian,
WD-Scandinavian-Q96368,29.0,31.0,60.0,449.5,0.0022,1,1900,Wikidata-Scandinavian,
WD-Scandinavian-Q95379,31.0,23.0,54.0,89.1,0.0112,1,1900,Wikidata-Scandinavian,
WD-Scandinavian-Q152306,28.0,25.0,53.0,233.3,0.0043,4,1860,Wikidata-Scandinavian,
WD-Scandinavian-Q366765,16.0,38.0,54.0,27.6,0.0362,0,1780,Wikidata-Scandinavian,
WD-Scandinavian-Q80956,24.0,39.0,63.0,62.4,0.016,0,1850,Wikidata-Scandinavian,
WD-Scandinavian-Q26202,22.0,22.0,44.0,9999.0,0.0001,0,1780,Wikidata-Scandinavian,
WD-Scandinavian-Q444538,34.0,24.0,58.0,81.6,0.0123,0,1790,Wikidata-Scandinavian,
WD-Scandinavian-Q53626,19.0,28.0,47.0,59.1,0.0169,1,1850,Wikidata-Scandinavian,
WD-Scandinavian-Q52950,22.0,25.0,47.0,183.3,0.0055,5,1810,Wikidata-Scandinavian,
WD-Scandinavian-Q47906,33.0,34.0,67.0,1122.0,0.0009,1,1890,Wikidata-Scandinavian,
WD-Scandinavian-Q52964,28.0,29.0,57.0,812.0,0.0012,0,1830,Wikidata-Scandinavian,
WD-Scandinavian-Q53713,26.0,37.0,63.0,87.5,0.0114,0,1920,Wikidata-Scandinavian,
WD-Scandinavian-Q45068,23.0,38.0,61.0,58.3,0.0172,4,1940,Wikidata-Scandinavian,
WD-Scandinavian-Q52878,24.0,20.0,44.0,120.0,0.0083,2,1880,Wikidata-Scandinavian,
WD-Scandinavian-Q57626,25.0,23.0,48.0,287.5,0.0035,4,1900,Wikidata-Scandinavian,
WD-Scandinavian-Q156390,37.0,34.0,71.0,419.3,0.0024,2,1970,Wikidata-Scandinavian,
WD-Scandinavian-Q214025,34.0,35.0,69.0,1190.0,0.0008,1,2010,Wikidata-Scandinavian,
WD-Scandinavian-Q229810,23.0,19.0,42.0,109.2,0.0092,6,1800,Wikidata-Scandinavian,
WD-Scandinavian-Q241254,27.0,20.0,47.0,77.1,0.013,4,1800,Wikidata-Scandinavian,
WD-Scandinavian-Q234241,33.0,27.0,60.0,148.5,0.0067,7,1780,Wikidata-Scandinavian,
WD-Scandinavian-Q233319,26.0,23.0,49.0,199.3,0.005,4,1590,Wikidata-Scandinavian,
WD-Scandinavian-Q233496,37.0,30.0,67.0,158.6,0.0063,9,1570,Wikidata-Scandinavian,
WD-Scandinavian-Q161322,24.0,26.0,50.0,312.0,0.0032,15,1630,Wikidata-Scandinavian,
WD-Scandinavian-Q236208,24.0,37.0,61.0,68.3,0.0146,2,1750,Wikidata-Scandinavian,
WD-Scandinavian-Q270923,16.0,32.0,48.0,32.0,0.0312,0,1590,Wikidata-Scandinavian,
WD-Scandinavian-Q215018,28.0,21.0,49.0,84.0,0.0119,2,1730,Wikidata-Scandinavian,
WD-Scandinavian-Q178823,25.0,25.0,50.0,9999.0,0.0001,3,1740,Wikidata-Scandinavian,
WD-Scandinavian-Q212163,39.0,37.0,76.0,721.5,0.0014,4,1890,Wikidata-Scandinavian,
WD-Scandinavian-Q152308,25.0,37.0,62.0,77.1,0.013,1,1940,Wikidata-Scandinavian,
WD-Scandinavian-Q237142,30.0,30.0,60.0,9999.0,0.0001,2,1900,Wikidata-Scandinavian,
WD-Scandinavian-Q352296,25.0,22.0,47.0,183.3,0.0055,1,1750,Wikidata-Scandinavian,
WD-Scandinavian-Q209449,28.0,29.0,57.0,812.0,0.0012,1,1970,Wikidata-Scandinavian,
WD-Scandinavian-Q239386,35.0,35.0,70.0,9999.0,0.0001,0,1890,Wikidata-Scandinavian,
WD-Scandinavian-Q184535,21.0,28.0,49.0,84.0,0.0119,1,1850,Wikidata-Scandinavian,
WD-Scandinavian-Q201908,28.0,19.0,47.0,59.1,0.0169,0,1940,Wikidata-Scandinavian,
WD-Scandinavian-Q154759,37.0,27.0,64.0,99.9,0.01,4,1860,Wikidata-Scandinavian,
WD-Scandinavian-Q315821,25.0,34.0,59.0,94.4,0.0106,5,1620,Wikidata-Scandinavian,
WD-Scandinavian-Q259176,23.0,29.0,52.0,111.2,0.009,2,1880,Wikidata-Scandinavian,
WD-Scandinavian-Q343674,41.0,24.0,65.0,57.9,0.0173,2,1800,Wikidata-Scandinavian,
WD-Scandinavian-Q259238,21.0,25.0,46.0,131.2,0.0076,0,1920,Wikidata-Scandinavian,
WD-Scandinavian-Q320135,36.0,26.0,62.0,93.6,0.0107,0,1820,Wikidata-Scandinavian,
WD-Scandinavian-Q350346,33.0,33.0,66.0,9999.0,0.0001,3,1650,Wikidata-Scandinavian,
WD-Scandinavian-Q330252,23.0,21.0,44.0,241.5,0.0041,3,1680,Wikidata-Scandinavian,
WD-Scandinavian-Q156480,24.0,28.0,52.0,168.0,0.006,0,1900,Wikidata-Scandinavian,
WD-Scandinavian-Q1317501,20.0,24.0,44.0,120.0,0.0083,1,1850,Wikidata-Scandinavian,
WD-Scandinavian-Q1050767,41.0,30.0,71.0,111.8,0.0089,3,1650,Wikidata-Scandinavian,
WD-Scandinavian-Q832544,30.0,30.0,60.0,9999.0,0.0001,4,1970,Wikidata-Scandinavian,
WD-Scandinavian-Q449255,27.0,23.0,50.0,155.2,0.0064,1,1970,Wikidata-Scandinavian,
WD-Scandinavian-Q704066,36.0,36.0,72.0,9999.0,0.0001,7,1840,Wikidata-Scandinavian,
WD-Scandinavian-Q603436,20.0,23.0,43.0,153.3,0.0065,2,1580,Wikidata-Scandinavian,
WD-Scandinavian-Q455071,37.0,23.0,60.0,60.8,0.0164,3,1750,Wikidata-Scandinavian,
WD-Scandinavian-Q1069154,35.0,18.0,53.0,37.1,0.027,1,1770,Wikidata-Scandinavian,
WD-Scandinavian-Q865398,27.0,27.0,54.0,9999.0,0.0001,2,1910,Wikidata-Scandinavian,
WD-Scandinavian-Q1120787,32.0,24.0,56.0,96.0,0.0104,0,1870,Wikidata-Scandinavian,
WD-Scandinavian-Q1038496,36.0,40.0,76.0,360.0,0.0028,1,1690,Wikidata-Scandinavian,
WD-Scandinavian-Q662014,18.0,31.0,49.0,42.9,0.0233,3,1560,Wikidata-Scandinavian,
WD-Scandinavian-Q498046,39.0,37.0,76.0,721.5,0.0014,7,1590,Wikidata-Scandinavian,
WD-Scandinavian-Q946885,21.0,34.0,55.0,54.9,0.0182,0,1950,Wikidata-Scandinavian,
WD-Scandinavian-Q717186,18.0,22.0,40.0,99.0,0.0101,4,1860,Wikidata-Scandinavian,
WD-Scandinavian-Q613846,26.0,23.0,49.0,199.3,0.005,1,1940,Wikidata-Scandinavian,
WD-Scandinavian-Q675107,33.0,24.0,57.0,88.0,0.0114,6,1760,Wikidata-Scandinavian,
WD-Scandinavian-Q3751310,30.0,25.0,55.0,150.0,0.0067,2,1930,Wikidata-Scandinavian,
WD-Scandinavian-Q58121,25.0,35.0,60.0,87.5,0.0114,0,1940,Wikidata-Scandinavian,
WD-Scandinavian-Q836183,32.0,26.0,58.0,138.7,0.0072,4,1640,Wikidata-Scandinavian,
WD-Scandinavian-Q449530,36.0,33.0,69.0,396.0,0.0025,6,1660,Wikidata-Scandinavian,
WD-Scandinavian-Q1354151,31.0,28.0,59.0,289.3,0.0035,0,1950,Wikidata-Scandinavian,
WD-Scandinavian-Q533189,25.0,22.0,47.0,183.3,0.0055,0,1860,Wikidata-Scandinavian,
WD-Scandinavian-Q465337,34.0,33.0,67.0,1122.0,0.0009,6,1620,Wikidata-Scandinavian,
WD-Scandinavian-Q817239,26.0,38.0,64.0,82.3,0.0122,4,1620,Wikidata-Scandinavian,
WD-Scandinavian-Q542015,42.0,19.0,61.0,34.7,0.0288,1,1640,Wikidata-Scandinavian,
WD-Scandinavian-Q817226,23.0,37.0,60.0,60.8,0.0164,1,1910,Wikidata-Scandinavian,
WD-Scandinavian-Q559295,25.0,25.0,50.0,9999.0,0.0001,1,1740,Wikidata-Scandinavian,
WD-Scandinavian-Q1785182,23.0,27.0,50.0,155.2,0.0064,2,1860,Wikidata-Scandinavian,
WD-Scandinavian-Q444716,24.0,19.0,43.0,91.2,0.011,1,1980,Wikidata-Scandinavian,
WD-Scandinavian-Q266125,37.0,24.0,61.0,68.3,0.0146,1,1880,Wikidata-Scandinavian,
WD-Scandinavian-Q518482,19.0,24.0,43.0,91.2,0.011,3,1860,Wikidata-Scandinavian,
WD-Scandinavian-Q741666,45.0,32.0,77.0,110.8,0.009,3,1590,Wikidata-Scandinavian,
WD-Scandinavian-Q657814,23.0,28.0,51.0,128.8,0.0078,3,1750,Wikidata-Scandinavian,
WD-Scandinavian-Q452243,38.0,29.0,67.0,122.4,0.0082,0,1590,Wikidata-Scandinavian,
WD-Scandinavian-Q458565,29.0,40.0,69.0,105.5,0.0095,2,1680,Wikidata-Scandinavian,
WD-Scandinavian-Q703091,26.0,24.0,50.0,312.0,0.0032,2,1880,Wikidata-Scandinavian,
WD-Scandinavian-Q3101847,25.0,19.0,44.0,79.2,0.0126,0,1830,Wikidata-Scandinavian,
WD-Scandinavian-Q552374,29.0,23.0,52.0,111.2,0.009,4,1670,Wikidata-Scandinavian,
WD-Scandinavian-Q805605,20.0,36.0,56.0,45.0,0.0222,1,1680,Wikidata-Scandinavian,
WD-Scandinavian-Q567354,32.0,25.0,57.0,114.3,0.0087,1,1860,Wikidata-Scandinavian,
WD-Scandinavian-Q1041325,25.0,27.0,52.0,337.5,0.003,2,1860,Wikidata-Scandinavian,
WD-Scandinavian-Q481580,25.0,40.0,65.0,66.7,0.015,2,1660,Wikidata-Scandinavian,
WD-Scandinavian-Q457339,25.0,43.0,68.0,59.7,0.0168,1,1830,Wikidata-Scandinavian,
WD-Scandinavian-Q361376,22.0,29.0,51.0,91.1,0.011,1,1900,Wikidata-Scandinavian,
WD-Scandinavian-Q460310,33.0,30.0,63.0,330.0,0.003,1,1940,Wikidata-Scandinavian,
WD-Scandinavian-Q792278,23.0,29.0,52.0,111.2,0.009,3,1870,Wikidata-Scandinavian,
WD-Scandinavian-Q3784302,35.0,32.0,67.0,373.3,0.0027,0,1880,Wikidata-Scandinavian,
WD-Scandinavian-Q468351,24.0,28.0,52.0,168.0,0.006,1,1720,Wikidata-Scandinavian,
WD-Scandinavian-Q543935,27.0,29.0,56.0,391.5,0.0026,1,1750,Wikidata-Scandinavian,
WD-Scandinavian-Q516920,27.0,24.0,51.0,216.0,0.0046,0,1860,Wikidata-Scandinavian,
WD-Scandinavian-Q503143,21.0,25.0,46.0,131.2,0.0076,0,1960,Wikidata-Scandinavian,
WD-Scandinavian-Q124819,24.0,26.0,50.0,312.0,0.0032,0,1900,Wikidata-Scandinavian,
WD-Scandinavian-Q655548,37.0,25.0,62.0,77.1,0.013,4,1610,Wikidata-Scandinavian,
WD-Scandinavian-Q2731755,26.0,28.0,54.0,364.0,0.0027,0,1690,Wikidata-Scandinavian,
WD-Scandinavian-Q920243,29.0,26.0,55.0,251.3,0.004,6,1620,Wikidata-Scandinavian,
WD-Scandinavian-Q2717287,29.0,23.0,52.0,111.2,0.009,1,1970,Wikidata-Scandinavian,
WD-Scandinavian-Q1944547,27.0,30.0,57.0,270.0,0.0037,0,1940,Wikidata-Scandinavian,
WD-Scandinavian-Q941210,41.0,30.0,71.0,111.8,0.0089,3,1960,Wikidata-Scandinavian,
WD-Scandinavian-Q1393227,21.0,29.0,50.0,76.1,0.0131,5,1720,Wikidata-Scandinavian,
WD-Scandinavian-Q1360483,26.0,36.0,62.0,93.6,0.0107,1,1930,Wikidata-Scandinavian,
WD-Scandinavian-Q1369084,37.0,25.0,62.0,77.1,0.013,1,1890,Wikidata-Scandinavian,
WD-Scandinavian-Q1586907,22.0,20.0,42.0,220.0,0.0045,1,1880,Wikidata-Scandinavian,
WD-Scandinavian-Q1348163,32.0,30.0,62.0,480.0,0.0021,0,1910,Wikidata-Scandinavian,
WD-Scandinavian-Q2271522,28.0,33.0,61.0,184.8,0.0054,1,1970,Wikidata-Scandinavian,
WD-Scandinavian-Q1648141,27.0,22.0,49.0,118.8,0.0084,0,1760,Wikidata-Scandinavian,
WD-Scandinavian-Q1688717,28.0,36.0,64.0,126.0,0.0079,0,1920,Wikidata-Scandinavian,
WD-Scandinavian-Q717484,16.0,37.0,53.0,28.2,0.0355,0,1760,Wikidata-Scandinavian,
WD-Scandinavian-Q5373580,28.0,25.0,53.0,233.3,0.0043,1,1980,Wikidata-Scandinavian,
WD-Scandinavian-Q647392,19.0,22.0,41.0,139.3,0.0072,7,1670,Wikidata-Scandinavian,
WD-Scandinavian-Q1555416,22.0,30.0,52.0,82.5,0.0121,1,1840,Wikidata-Scandinavian,
WD-Scandinavian-Q968941,30.0,31.0,61.0,930.0,0.0011,4,1610,Wikidata-Scandinavian,
WD-Scandinavian-Q1453263,19.0,28.0,47.0,59.1,0.0169,1,1840,Wikidata-Scandinavian,
WD-Scandinavian-Q635145,28.0,36.0,64.0,126.0,0.0079,0,1910,Wikidata-Scandinavian,
WD-Scandinavian-Q925496,26.0,35.0,61.0,101.1,0.0099,1,1890,Wikidata-Scandinavian,
WD-Scandinavian-Q925496,30.0,31.0,61.0,930.0,0.0011,1,1890,Wikidata-Scandinavian,
WD-Scandinavian-Q1602363,26.0,35.0,61.0,101.1,0.0099,1,1930,Wikidata-Scandinavian,
WD-Scandinavian-Q5411073,31.0,20.0,51.0,56.4,0.0177,2,1740,Wikidata-Scandinavian,
WD-Scandinavian-Q921951,30.0,37.0,67.0,158.6,0.0063,1,1770,Wikidata-Scandinavian,
WD-Scandinavian-Q1254296,35.0,29.0,64.0,169.2,0.0059,3,1620,Wikidata-Scandinavian,
WD-Scandinavian-Q708780,35.0,36.0,71.0,1260.0,0.0008,1,1770,Wikidata-Scandinavian,
WD-Scandinavian-Q2025832,34.0,26.0,60.0,110.5,0.009,1,1850,Wikidata-Scandinavian,
WD-Scandinavian-Q1453246,24.0,35.0,59.0,76.4,0.0131,2,1710,Wikidata-Scandinavian,
WD-Scandinavian-Q4357663,32.0,20.0,52.0,53.3,0.0188,1,1870,Wikidata-Scandinavian,
WD-Scandinavian-Q641736,25.0,23.0,48.0,287.5,0.0035,0,1700,Wikidata-Scandinavian,
WD-Scandinavian-Q2663137,43.0,28.0,71.0,80.3,0.0125,4,1710,Wikidata-Scandinavian,
WD-Scandinavian-Q719983,26.0,28.0,54.0,364.0,0.0027,0,1700,Wikidata-Scandinavian,
WD-Scandinavian-Q2661624,29.0,26.0,55.0,251.3,0.004,3,1680,Wikidata-Scandinavian,
WD-Scandinavian-Q1790401,32.0,21.0,53.0,61.1,0.0164,1,1720,Wikidata-Scandinavian,
WD-Scandinavian-Q1679281,29.0,25.0,54.0,181.2,0.0055,2,1710,Wikidata-Scandinavian,
WD-Scandinavian-Q1555420,26.0,27.0,53.0,702.0,0.0014,0,1870,Wikidata-Scandinavian,
WD-Scandinavian-Q1572141,26.0,21.0,47.0,109.2,0.0092,1,1640,Wikidata-Scandinavian,
WD-Scandinavian-Q1992288,36.0,36.0,72.0,9999.0,0.0001,2,1880,Wikidata-Scandinavian,
WD-Scandinavian-Q5402091,35.0,26.0,61.0,101.1,0.0099,0,1910,Wikidata-Scandinavian,
WD-Scandinavian-Q5780994,33.0,22.0,55.0,66.0,0.0152,1,1790,Wikidata-Scandinavian,
WD-Scandinavian-Q5397177,26.0,34.0,60.0,110.5,0.009,1,1770,Wikidata-Scandinavian,
WD-Scandinavian-Q4546214,22.0,28.0,50.0,102.7,0.0097,0,1770,Wikidata-Scandinavian,
WD-Scandinavian-Q5048800,25.0,23.0,48.0,287.5,0.0035,2,1930,Wikidata-Scandinavian,
WD-Scandinavian-Q5394486,31.0,37.0,68.0,191.2,0.0052,0,1950,Wikidata-Scandinavian,
WD-Scandinavian-Q4241668,25.0,36.0,61.0,81.8,0.0122,1,1790,Wikidata-Scandinavian,
WD-Scandinavian-Q1291317,30.0,19.0,49.0,51.8,0.0193,0,1820,Wikidata-Scandinavian,
WD-Scandinavian-Q1570520,30.0,21.0,51.0,70.0,0.0143,0,1970,Wikidata-Scandinavian,
WD-German-Q65236,25.0,33.0,58.0,103.1,0.0097,5,1570,Wikidata-German,
WD-German-Q65511,37.0,27.0,64.0,99.9,0.01,1,1960,Wikidata-German,
WD-German-Q50998,23.0,26.0,49.0,199.3,0.005,6,1880,Wikidata-German,
WD-German-Q57930,21.0,22.0,43.0,462.0,0.0022,3,1880,Wikidata-German,
WD-German-Q44893,18.0,20.0,38.0,180.0,0.0056,12,1860,Wikidata-German,
WD-German-Q57320,24.0,22.0,46.0,264.0,0.0038,7,1860,Wikidata-German,
WD-German-Q57468,35.0,29.0,64.0,169.2,0.0059,4,1850,Wikidata-German,
WD-German-Q44393,26.0,20.0,46.0,86.7,0.0115,3,1840,Wikidata-German,
WD-German-Q61819,30.0,21.0,51.0,70.0,0.0143,7,1590,Wikidata-German,
WD-German-Q61781,30.0,23.0,53.0,98.6,0.0101,5,1770,Wikidata-German,
WD-German-Q61780,25.0,20.0,45.0,100.0,0.01,3,1720,Wikidata-German,
WD-German-Q65234,30.0,31.0,61.0,930.0,0.0011,7,1730,Wikidata-German,
WD-German-Q61782,25.0,34.0,59.0,94.4,0.0106,4,1850,Wikidata-German,
WD-German-Q65353,21.0,30.0,51.0,70.0,0.0143,3,1580,Wikidata-German,
WD-German-Q61829,35.0,36.0,71.0,1260.0,0.0008,14,1580,Wikidata-German,
WD-German-Q61963,37.0,27.0,64.0,99.9,0.01,6,1570,Wikidata-German,
WD-German-Q937,33.0,21.0,54.0,57.8,0.0173,1,1870,Wikidata-German,
WD-German-Q61972,33.0,26.0,59.0,122.6,0.0082,4,1660,Wikidata-German,
WD-German-Q61789,28.0,23.0,51.0,128.8,0.0078,1,1700,Wikidata-German,
WD-German-Q567,37.0,26.0,63.0,87.5,0.0114,2,1950,Wikidata-German,
WD-German-Q2518,26.0,39.0,65.0,78.0,0.0128,1,1930,Wikidata-German,
WD-German-Q61966,33.0,26.0,59.0,122.6,0.0082,2,1670,Wikidata-German,
WD-German-Q57355,25.0,26.0,51.0,650.0,0.0015,1,1970,Wikidata-German,
WD-German-Q25973,33.0,35.0,68.0,577.5,0.0017,2,1870,Wikidata-German,
WD-German-Q57136,23.0,34.0,57.0,71.1,0.0141,0,1880,Wikidata-German,
WD-German-Q51513,24.0,25.0,49.0,600.0,0.0017,0,1870,Wikidata-German,
WD-German-Q57932,26.0,33.0,59.0,122.6,0.0082,1,1970,Wikidata-German,
WD-German-Q9387,39.0,20.0,59.0,41.1,0.0243,3,1860,Wikidata-German,
WD-German-Q2567,22.0,31.0,53.0,75.8,0.0132,3,1920,Wikidata-German,
WD-German-Q2667,28.0,22.0,50.0,102.7,0.0097,0,1840,Wikidata-German,
WD-German-Q65299,26.0,21.0,47.0,109.2,0.0092,0,1870,Wikidata-German,
WD-German-Q2494,29.0,43.0,72.0,89.1,0.0112,0,1920,Wikidata-German,
WD-German-Q57153,25.0,35.0,60.0,87.5,0.0114,4,1860,Wikidata-German,
WD-German-Q7339,34.0,26.0,60.0,110.5,0.009,1,1920,Wikidata-German,
WD-German-Q57664,21.0,27.0,48.0,94.5,0.0106,6,1850,Wikidata-German,
WD-German-Q62579,30.0,28.0,58.0,420.0,0.0024,5,1900,Wikidata-German,
WD-German-Q62515,34.0,24.0,58.0,81.6,0.0123,1,1930,Wikidata-German,
WD-German-Q61279,22.0,27.0,49.0,118.8,0.0084,4,1870,Wikidata-German,
WD-German-Q62259,21.0,24.0,45.0,168.0,0.006,3,1670,Wikidata-German,
WD-German-Q58070,42.0,29.0,71.0,93.7,0.0107,5,1950,Wikidata-German,
WD-German-Q60707,25.0,25.0,50.0,9999.0,0.0001,5,1880,Wikidata-German,
WD-German-Q63536,16.0,18.0,34.0,144.0,0.0069,9,1590,Wikidata-German,
WD-German-Q62550,20.0,22.0,42.0,220.0,0.0045,1,1870,Wikidata-German,
WD-German-Q62104,23.0,29.0,52.0,111.2,0.009,5,1700,Wikidata-German,
WD-German-Q61083,39.0,30.0,69.0,130.0,0.0077,4,1670,Wikidata-German,
WD-German-Q63012,24.0,32.0,56.0,96.0,0.0104,5,1860,Wikidata-German,
WD-German-Q61212,35.0,33.0,68.0,577.5,0.0017,13,1640,Wikidata-German,
WD-German-Q62529,29.0,34.0,63.0,197.2,0.0051,7,1660,Wikidata-German,
WD-German-Q61512,26.0,37.0,63.0,87.5,0.0114,12,1670,Wikidata-German,
WD-German-Q72707,36.0,43.0,79.0,221.1,0.0045,10,1720,Wikidata-German,
WD-German-Q58039,29.0,26.0,55.0,251.3,0.004,1,1920,Wikidata-German,
WD-German-Q58039,27.0,26.0,53.0,702.0,0.0014,1,1920,Wikidata-German,
WD-German-Q62511,20.0,33.0,53.0,50.8,0.0197,5,1600,Wikidata-German,
WD-German-Q61718,14.0,26.0,40.0,30.3,0.033,0,1610,Wikidata-German,
WD-German-Q60690,30.0,24.0,54.0,120.0,0.0083,1,1880,Wikidata-German,
WD-German-Q59872,20.0,26.0,46.0,86.7,0.0115,4,1890,Wikidata-German,
WD-German-Q61128,25.0,31.0,56.0,129.2,0.0077,1,1930,Wikidata-German,
WD-German-Q60392,20.0,26.0,46.0,86.7,0.0115,2,1890,Wikidata-German,
WD-German-Q72654,38.0,36.0,74.0,684.0,0.0015,0,1870,Wikidata-German,
WD-German-Q60650,23.0,25.0,48.0,287.5,0.0035,0,1880,Wikidata-German,
WD-German-Q62553,26.0,33.0,59.0,122.6,0.0082,3,1860,Wikidata-German,
WD-German-Q60741,32.0,24.0,56.0,96.0,0.0104,5,1890,Wikidata-German,
WD-German-Q63541,18.0,25.0,43.0,64.3,0.0156,3,1670,Wikidata-German,
WD-German-Q61270,29.0,37.0,66.0,134.1,0.0075,1,1900,Wikidata-German,
WD-German-Q63597,19.0,23.0,42.0,109.2,0.0092,3,1880,Wikidata-German,
WD-German-Q61464,21.0,35.0,56.0,52.5,0.019,5,1850,Wikidata-German,
WD-German-Q72566,20.0,34.0,54.0,48.6,0.0206,8,1890,Wikidata-German,
WD-German-Q62533,25.0,26.0,51.0,650.0,0.0015,2,1700,Wikidata-German,
WD-German-Q62231,32.0,31.0,63.0,992.0,0.001,4,1640,Wikidata-German,
WD-German-Q62129,27.0,26.0,53.0,702.0,0.0014,1,1850,Wikidata-German,
WD-German-Q63010,23.0,19.0,42.0,109.2,0.0092,5,1850,Wikidata-German,
WD-German-Q61362,35.0,30.0,65.0,210.0,0.0048,5,1610,Wikidata-German,
WD-German-Q61430,32.0,21.0,53.0,61.1,0.0164,7,1900,Wikidata-German,
WD-German-Q61213,20.0,26.0,46.0,86.7,0.0115,4,1630,Wikidata-German,
WD-German-Q61447,21.0,28.0,49.0,84.0,0.0119,7,1670,Wikidata-German,
WD-German-Q63240,26.0,30.0,56.0,195.0,0.0051,17,1640,Wikidata-German,
WD-German-Q63609,35.0,26.0,61.0,101.1,0.0099,2,1860,Wikidata-German,
WD-German-Q62482,17.0,24.0,41.0,58.3,0.0172,6,1540,Wikidata-German,
WD-German-Q62385,29.0,30.0,59.0,870.0,0.0011,5,1930,Wikidata-German,
WD-German-Q60697,24.0,23.0,47.0,552.0,0.0018,3,1870,Wikidata-German,
WD-German-Q62051,25.0,26.0,51.0,650.0,0.0015,4,1550,Wikidata-German,
WD-German-Q61597,28.0,22.0,50.0,102.7,0.0097,5,1900,Wikidata-German,
WD-German-Q58010,40.0,31.0,71.0,137.8,0.0073,1,1860,Wikidata-German,
WD-German-Q62267,19.0,19.0,38.0,9999.0,0.0001,3,1870,Wikidata-German,
WD-German-Q61093,19.0,21.0,40.0,199.5,0.005,1,1660,Wikidata-German,
WD-German-Q63284,29.0,24.0,53.0,139.2,0.0072,3,1920,Wikidata-German,
WD-German-Q62594,26.0,26.0,52.0,9999.0,0.0001,13,1660,Wikidata-German,
WD-German-Q62965,27.0,23.0,50.0,155.2,0.0064,5,1890,Wikidata-German,
WD-German-Q62265,21.0,23.0,44.0,241.5,0.0041,6,1890,Wikidata-German,
WD-German-Q72431,25.0,22.0,47.0,183.3,0.0055,13,1710,Wikidata-German,
WD-German-Q62878,25.0,24.0,49.0,600.0,0.0017,2,1650,Wikidata-German,
WD-German-Q62516,26.0,31.0,57.0,161.2,0.0062,4,1650,Wikidata-German,
WD-German-Q72586,31.0,28.0,59.0,289.3,0.0035,8,1570,Wikidata-German,
WD-German-Q63016,24.0,23.0,47.0,552.0,0.0018,6,1890,Wikidata-German,
WD-German-Q62263,30.0,25.0,55.0,150.0,0.0067,4,1850,Wikidata-German,
WD-German-Q61574,19.0,23.0,42.0,109.2,0.0092,7,1620,Wikidata-German,
WD-German-Q62602,26.0,27.0,53.0,702.0,0.0014,1,1900,Wikidata-German,
WD-German-Q61118,22.0,30.0,52.0,82.5,0.0121,10,1600,Wikidata-German,
WD-German-Q62401,29.0,19.0,48.0,55.1,0.0181,2,1780,Wikidata-German,
WD-German-Q62217,24.0,18.0,42.0,72.0,0.0139,5,1650,Wikidata-German,
WD-German-Q63279,38.0,25.0,63.0,73.1,0.0137,6,1670,Wikidata-German,
WD-German-Q61268,24.0,24.0,48.0,9999.0,0.0001,3,1600,Wikidata-German,
WD-German-Q61475,33.0,22.0,55.0,66.0,0.0152,1,1560,Wikidata-German,
WD-German-Q63494,38.0,18.0,56.0,34.2,0.0292,1,1690,Wikidata-German,
WD-German-Q72760,24.0,24.0,48.0,9999.0,0.0001,14,1580,Wikidata-German,
WD-German-Q58037,26.0,24.0,50.0,312.0,0.0032,1,1870,Wikidata-German,
WD-German-Q62885,23.0,18.0,41.0,82.8,0.0121,6,1540,Wikidata-German,
WD-German-Q64704,23.0,30.0,53.0,98.6,0.0101,2,1890,Wikidata-German,
WD-French-Q87930,38.0,34.0,72.0,323.0,0.0031,0,1980,Wikidata-French,
WD-French-Q78525,35.0,20.0,55.0,46.7,0.0214,3,1890,Wikidata-French,
WD-French-Q7726,25.0,18.0,43.0,64.3,0.0156,11,1760,Wikidata-French,
WD-French-Q7723,19.0,20.0,39.0,380.0,0.0026,2,1810,Wikidata-French,
WD-French-Q7732,32.0,23.0,55.0,81.8,0.0122,10,1750,Wikidata-French,
WD-French-Q7721,20.0,25.0,45.0,100.0,0.01,3,1800,Wikidata-French,
WD-French-Q8056,30.0,24.0,54.0,120.0,0.0083,9,1660,Wikidata-French,
WD-French-Q7738,16.0,25.0,41.0,44.4,0.0225,2,1710,Wikidata-French,
WD-French-Q72795,30.0,30.0,60.0,9999.0,0.0001,9,1810,Wikidata-French,
WD-French-Q7771,27.0,20.0,47.0,77.1,0.013,5,1770,Wikidata-French,
WD-French-Q88851,21.0,22.0,43.0,462.0,0.0022,7,1820,Wikidata-French,
WD-French-Q30875,46.0,33.0,79.0,116.8,0.0086,2,1850,Wikidata-French,
WD-French-Q76723,25.0,34.0,59.0,94.4,0.0106,0,1690,Wikidata-French,
WD-French-Q33188,22.0,30.0,52.0,82.5,0.0121,1,1640,Wikidata-French,
WD-French-Q65146,31.0,32.0,63.0,992.0,0.001,2,1640,Wikidata-French,
WD-French-Q92562,22.0,23.0,45.0,506.0,0.002,2,1860,Wikidata-French,
WD-French-Q95068,41.0,30.0,71.0,111.8,0.0089,1,1910,Wikidata-French,
WD-French-Q1631,19.0,20.0,39.0,380.0,0.0026,0,1910,Wikidata-French,
WD-French-Q535,24.0,30.0,54.0,120.0,0.0083,2,1800,Wikidata-French,
WD-French-Q78027,29.0,31.0,60.0,449.5,0.0022,1,1780,Wikidata-French,
WD-French-Q7199,25.0,22.0,47.0,183.3,0.0055,1,1870,Wikidata-French,
WD-French-Q329,34.0,30.0,64.0,255.0,0.0039,2,1950,Wikidata-French,
WD-French-Q2124,25.0,25.0,50.0,9999.0,0.0001,3,1920,Wikidata-French,
WD-French-Q9711,28.0,21.0,49.0,84.0,0.0119,1,1790,Wikidata-French,
WD-French-Q62024,22.0,21.0,43.0,462.0,0.0022,0,1780,Wikidata-French,
WD-French-Q88584,20.0,16.0,36.0,80.0,0.0125,3,1780,Wikidata-French,
WD-French-Q31061,18.0,24.0,42.0,72.0,0.0139,3,1850,Wikidata-French,
WD-French-Q37693,22.0,23.0,45.0,506.0,0.002,0,1840,Wikidata-French,
WD-French-Q71112,29.0,31.0,60.0,449.5,0.0022,0,1870,Wikidata-French,
WD-French-Q71112,30.0,30.0,60.0,9999.0,0.0001,0,1870,Wikidata-French,
WD-French-Q3816,22.0,31.0,53.0,75.8,0.0132,0,1800,Wikidata-French,
WD-French-Q18443,21.0,24.0,45.0,168.0,0.006,2,1870,Wikidata-French,
WD-French-Q3335,32.0,28.0,60.0,224.0,0.0045,2,1900,Wikidata-French,
WD-French-Q82445,26.0,23.0,49.0,199.3,0.005,0,1860,Wikidata-French,
WD-French-Q27645,30.0,22.0,52.0,82.5,0.0121,6,1810,Wikidata-French,
WD-French-Q33977,26.0,28.0,54.0,364.0,0.0027,1,1820,Wikidata-French,
WD-French-Q12091,23.0,28.0,51.0,128.8,0.0078,0,1820,Wikidata-French,
WD-French-Q7504,31.0,30.0,61.0,930.0,0.0011,1,1890,Wikidata-French,
WD-French-Q16801,39.0,25.0,64.0,69.6,0.0144,1,1870,Wikidata-French,
WD-French-Q181261,28.0,28.0,56.0,9999.0,0.0001,2,1790,Wikidata-French,
WD-French-Q182021,44.0,28.0,72.0,77.0,0.013,3,1570,Wikidata-French,
WD-French-Q283317,32.0,29.0,61.0,309.3,0.0032,1,1970,Wikidata-French,
WD-French-Q284941,32.0,27.0,59.0,172.8,0.0058,13,1570,Wikidata-French,
WD-French-Q47365,26.0,38.0,64.0,82.3,0.0122,15,1750,Wikidata-French,
WD-French-Q221549,32.0,30.0,62.0,480.0,0.0021,0,1850,Wikidata-French,
WD-French-Q231457,35.0,30.0,65.0,210.0,0.0048,17,1780,Wikidata-French,
WD-French-Q229875,27.0,20.0,47.0,77.1,0.013,1,1780,Wikidata-French,
WD-French-Q230868,23.0,24.0,47.0,552.0,0.0018,9,1720,Wikidata-French,
WD-French-Q287650,33.0,24.0,57.0,88.0,0.0114,2,1750,Wikidata-French,
WD-French-Q232180,37.0,32.0,69.0,236.8,0.0042,7,1700,Wikidata-French,
WD-French-Q231832,20.0,22.0,42.0,220.0,0.0045,0,1620,Wikidata-French,
WD-French-Q231674,20.0,23.0,43.0,153.3,0.0065,1,1700,Wikidata-French,
WD-French-Q205797,28.0,25.0,53.0,233.3,0.0043,8,1570,Wikidata-French,
WD-French-Q236965,16.0,17.0,33.0,272.0,0.0037,7,1860,Wikidata-French,
WD-French-Q222606,24.0,22.0,46.0,264.0,0.0038,0,1770,Wikidata-French,
WD-French-Q61449,26.0,25.0,51.0,650.0,0.0015,3,1820,Wikidata-French,
WD-French-Q222089,27.0,40.0,67.0,83.1,0.012,1,1830,Wikidata-French,
WD-French-Q233888,26.0,27.0,53.0,702.0,0.0014,6,1750,Wikidata-French,
WD-French-Q230921,34.0,35.0,69.0,1190.0,0.0008,8,1640,Wikidata-French,
WD-French-Q233210,31.0,32.0,63.0,992.0,0.001,6,1740,Wikidata-French,
WD-French-Q236552,20.0,33.0,53.0,50.8,0.0197,1,1720,Wikidata-French,
WD-French-Q54022,17.0,17.0,34.0,9999.0,0.0001,1,1670,Wikidata-French,
WD-French-Q163043,26.0,32.0,58.0,138.7,0.0072,13,1730,Wikidata-French,
WD-French-Q112543,29.0,36.0,65.0,149.1,0.0067,0,1980,Wikidata-French,
WD-French-Q123368,32.0,25.0,57.0,114.3,0.0087,3,1900,Wikidata-French,
WD-French-Q151209,33.0,17.0,50.0,35.1,0.0285,7,1600,Wikidata-French,
WD-French-Q157491,20.0,19.0,39.0,380.0,0.0026,11,1790,Wikidata-French,
WD-French-Q154294,21.0,35.0,56.0,52.5,0.019,0,1980,Wikidata-French,
WD-French-Q273237,30.0,22.0,52.0,82.5,0.0121,3,1900,Wikidata-French,
WD-French-Q272005,33.0,29.0,62.0,239.2,0.0042,1,1630,Wikidata-French,
WD-French-Q271988,21.0,23.0,44.0,241.5,0.0041,2,1860,Wikidata-French,
WD-French-Q163508,32.0,23.0,55.0,81.8,0.0122,2,1750,Wikidata-French,
WD-French-Q157130,25.0,32.0,57.0,114.3,0.0087,2,1820,Wikidata-French,
WD-French-Q115472,26.0,23.0,49.0,199.3,0.005,0,1880,Wikidata-French,
WD-French-Q156949,21.0,31.0,52.0,65.1,0.0154,3,1640,Wikidata-French,
WD-French-Q165581,19.0,21.0,40.0,199.5,0.005,2,1780,Wikidata-French,
WD-French-Q161858,22.0,34.0,56.0,62.3,0.0161,2,1880,Wikidata-French,
WD-French-Q140694,15.0,34.0,49.0,26.8,0.0373,2,1800,Wikidata-French,
WD-French-Q151396,30.0,24.0,54.0,120.0,0.0083,1,1670,Wikidata-French,
WD-French-Q128190,18.0,27.0,45.0,54.0,0.0185,0,1780,Wikidata-French,
WD-French-Q120381,32.0,27.0,59.0,172.8,0.0058,3,1900,Wikidata-French,
WD-French-Q160333,30.0,29.0,59.0,870.0,0.0011,0,1800,Wikidata-French,
WD-French-Q134942,24.0,34.0,58.0,81.6,0.0123,2,1870,Wikidata-French,
WD-French-Q162038,30.0,25.0,55.0,150.0,0.0067,2,1820,Wikidata-French,
WD-French-Q134050,23.0,28.0,51.0,128.8,0.0078,0,1860,Wikidata-French,
WD-French-Q160499,29.0,26.0,55.0,251.3,0.004,2,1750,Wikidata-French,
WD-French-Q116248,28.0,27.0,55.0,756.0,0.0013,9,1800,Wikidata-French,
WD-French-Q168704,31.0,22.0,53.0,75.8,0.0132,0,1930,Wikidata-French,
WD-French-Q273708,32.0,21.0,53.0,61.1,0.0164,2,1610,Wikidata-French,
WD-French-Q154382,24.0,23.0,47.0,552.0,0.0018,1,1760,Wikidata-French,
WD-French-Q153425,32.0,19.0,51.0,46.8,0.0214,0,1920,Wikidata-French,
WD-French-Q127539,32.0,22.0,54.0,70.4,0.0142,2,1850,Wikidata-French,
WD-French-Q138786,25.0,22.0,47.0,183.3,0.0055,3,1840,Wikidata-French,
WD-French-Q271976,32.0,28.0,60.0,224.0,0.0045,4,1670,Wikidata-French,
WD-French-Q441822,29.0,39.0,68.0,113.1,0.0088,1,1970,Wikidata-French,
WD-French-Q261410,26.0,24.0,50.0,312.0,0.0032,3,1820,Wikidata-French,
WD-French-Q432857,41.0,20.0,61.0,39.0,0.0256,1,1840,Wikidata-French,
WD-French-Q430973,23.0,18.0,41.0,82.8,0.0121,2,1550,Wikidata-French,
WD-French-Q377498,23.0,25.0,48.0,287.5,0.0035,0,1870,Wikidata-French,
WD-French-Q247564,34.0,30.0,64.0,255.0,0.0039,2,1800,Wikidata-French,
WD-French-Q237700,19.0,37.0,56.0,39.1,0.0256,2,1820,Wikidata-French,
WD-Italian-Q75371165,27.0,31.0,58.0,209.2,0.0048,3,1950,Wikidata-Italian,
WD-Italian-Q75374111,33.0,28.0,61.0,184.8,0.0054,4,1900,Wikidata-Italian,
WD-Italian-Q59221912,21.0,29.0,50.0,76.1,0.0131,5,1910,Wikidata-Italian,
WD-Italian-Q75294226,25.0,28.0,53.0,233.3,0.0043,5,1950,Wikidata-Italian,
WD-Italian-Q75471966,20.0,29.0,49.0,64.4,0.0155,4,1910,Wikidata-Italian,
WD-Italian-Q75471935,25.0,23.0,48.0,287.5,0.0035,6,1930,Wikidata-Italian,
WD-Italian-Q76114856,35.0,23.0,58.0,67.1,0.0149,0,1880,Wikidata-Italian,
WD-Italian-Q105822848,35.0,26.0,61.0,101.1,0.0099,0,1990,Wikidata-Italian,
WD-Italian-Q107501144,20.0,30.0,50.0,60.0,0.0167,0,2000,Wikidata-Italian,
WD-Italian-Q108855159,24.0,28.0,52.0,168.0,0.006,0,1930,Wikidata-Italian,
WD-Italian-Q99764597,36.0,41.0,77.0,295.2,0.0034,0,1950,Wikidata-Italian,
WD-Italian-Q108855232,35.0,24.0,59.0,76.4,0.0131,0,1900,Wikidata-Italian,
WD-Italian-Q110421950,26.0,20.0,46.0,86.7,0.0115,0,1850,Wikidata-Italian,
WD-Italian-Q112914452,21.0,23.0,44.0,241.5,0.0041,0,1890,Wikidata-Italian,
WD-Italian-Q119244757,40.0,28.0,68.0,93.3,0.0107,1,1950,Wikidata-Italian,
WD-Italian-Q118046323,25.0,24.0,49.0,600.0,0.0017,0,1880,Wikidata-Italian,
WD-Italian-Q72226149,23.0,33.0,56.0,75.9,0.0132,0,1990,Wikidata-Italian,
WD-Italian-Q87444538,27.0,28.0,55.0,756.0,0.0013,0,1890,Wikidata-Italian,
WD-Italian-Q3290590,29.0,28.0,57.0,812.0,0.0012,1,1950,Wikidata-Italian,
WD-Italian-Q3549654,29.0,33.0,62.0,239.2,0.0042,1,1900,Wikidata-Italian,
WD-Italian-Q3697725,28.0,34.0,62.0,158.7,0.0063,3,1980,Wikidata-Italian,
WD-Italian-Q3846223,27.0,22.0,49.0,118.8,0.0084,1,1940,Wikidata-Italian,
WD-Italian-Q3847079,29.0,41.0,70.0,99.1,0.0101,5,1900,Wikidata-Italian,
WD-Italian-Q4925346,30.0,25.0,55.0,150.0,0.0067,2,1950,Wikidata-Italian,
WD-Italian-Q7244716,28.0,27.0,55.0,756.0,0.0013,1,1930,Wikidata-Italian,
WD-Italian-Q16501095,34.0,30.0,64.0,255.0,0.0039,6,1920,Wikidata-Italian,
WD-Italian-Q52156376,23.0,42.0,65.0,50.8,0.0197,2,1880,Wikidata-Italian,
WD-Italian-Q48813760,49.0,28.0,77.0,65.3,0.0153,1,1920,Wikidata-Italian,
WD-Italian-Q55829695,27.0,30.0,57.0,270.0,0.0037,1,1990,Wikidata-Italian,
WD-Italian-Q75383665,32.0,23.0,55.0,81.8,0.0122,2,1960,Wikidata-Italian,
WD-Italian-Q75371129,29.0,24.0,53.0,139.2,0.0072,4,1850,Wikidata-Italian,
WD-Italian-Q75471393,21.0,22.0,43.0,462.0,0.0022,2,1950,Wikidata-Italian,
WD-Italian-Q75619692,42.0,26.0,68.0,68.2,0.0147,1,1900,Wikidata-Italian,
WD-Italian-Q75392561,36.0,31.0,67.0,223.2,0.0045,1,1890,Wikidata-Italian,
WD-Italian-Q126209148,20.0,27.0,47.0,77.1,0.013,1,1930,Wikidata-Italian,
WD-Brazilian-Q508794,32.0,28.0,60.0,224.0,0.0045,0,1930,Wikidata-Brazilian,
WD-Brazilian-Q221145,25.0,22.0,47.0,183.3,0.0055,6,1810,Wikidata-Brazilian,
WD-Brazilian-Q235815,24.0,19.0,43.0,91.2,0.011,0,1830,Wikidata-Brazilian,
WD-Brazilian-Q254654,33.0,25.0,58.0,103.1,0.0097,3,1840,Wikidata-Brazilian,
WD-Brazilian-Q3319938,29.0,24.0,53.0,139.2,0.0072,2,1950,Wikidata-Brazilian,
WD-Brazilian-Q696021,35.0,28.0,63.0,140.0,0.0071,4,1840,Wikidata-Brazilian,
WD-Brazilian-Q684735,25.0,20.0,45.0,100.0,0.01,3,1860,Wikidata-Brazilian,
WD-Brazilian-Q198780,24.0,27.0,51.0,216.0,0.0046,12,1940,Wikidata-Brazilian,
WD-Brazilian-Q258140,27.0,29.0,56.0,391.5,0.0026,0,1960,Wikidata-Brazilian,
WD-Brazilian-Q60404335,21.0,30.0,51.0,70.0,0.0143,0,1990,Wikidata-Brazilian,
WD-Brazilian-Q2566662,24.0,29.0,53.0,139.2,0.0072,3,1870,Wikidata-Brazilian,
WD-Brazilian-Q10336950,24.0,37.0,61.0,68.3,0.0146,1,1980,Wikidata-Brazilian,
WD-Brazilian-Q2603194,18.0,18.0,36.0,9999.0,0.0001,0,1810,Wikidata-Brazilian,
WD-Brazilian-Q110952627,34.0,32.0,66.0,544.0,0.0018,3,1910,Wikidata-Brazilian,
WD-Brazilian-Q4169043,26.0,27.0,53.0,702.0,0.0014,1,1970,Wikidata-Brazilian,
WD-Brazilian-Q2083271,25.0,39.0,64.0,69.6,0.0144,4,1910,Wikidata-Brazilian,
WD-Brazilian-Q1362941,27.0,31.0,58.0,209.2,0.0048,2,1900,Wikidata-Brazilian,
WD-Brazilian-Q3467611,20.0,28.0,48.0,70.0,0.0143,2,1960,Wikidata-Brazilian,
WD-Brazilian-Q5715290,39.0,36.0,75.0,468.0,0.0021,1,1980,Wikidata-Brazilian,
WD-Brazilian-Q978898,26.0,28.0,54.0,364.0,0.0027,3,1980,Wikidata-Brazilian,
WD-Brazilian-Q120952279,31.0,35.0,66.0,271.2,0.0037,1,2010,Wikidata-Brazilian,
WD-Brazilian-Q109440572,27.0,38.0,65.0,93.3,0.0107,0,2000,Wikidata-Brazilian,
WD-Brazilian-Q3895991,26.0,21.0,47.0,109.2,0.0092,0,1970,Wikidata-Brazilian,
WD-Brazilian-Q124500094,33.0,33.0,66.0,9999.0,0.0001,0,2000,Wikidata-Brazilian,
WD-Brazilian-Q18243139,19.0,30.0,49.0,51.8,0.0193,0,1940,Wikidata-Brazilian,
WD-Brazilian-Q10389069,23.0,19.0,42.0,109.2,0.0092,0,1970,Wikidata-Brazilian,
WD-Brazilian-Q10389069,24.0,18.0,42.0,72.0,0.0139,0,1970,Wikidata-Brazilian,
WD-Brazilian-Q75787750,28.0,25.0,53.0,233.3,0.0043,1,1880,Wikidata-Brazilian,
WD-Brazilian-Q76350778,29.0,34.0,63.0,197.2,0.0051,2,2010,Wikidata-Brazilian,
WD-Brazilian-Q17277978,29.0,34.0,63.0,197.2,0.0051,0,2010,Wikidata-Brazilian,
WD-Brazilian-Q136708434,28.0,20.0,48.0,70.0,0.0143,0,2000,Wikidata-Brazilian,
WD-Brazilian-Q107763794,27.0,24.0,51.0,216.0,0.0046,0,2010,Wikidata-Brazilian,
WD-Brazilian-Q717676,23.0,33.0,56.0,75.9,0.0132,0,1940,Wikidata-Brazilian,
WD-Brazilian-Q4726097,25.0,25.0,50.0,9999.0,0.0001,0,1900,Wikidata-Brazilian,
WD-Brazilian-Q5731791,36.0,34.0,70.0,612.0,0.0016,0,1970,Wikidata-Brazilian,
WD-Brazilian-Q75293887,36.0,33.0,69.0,396.0,0.0025,1,1980,Wikidata-Brazilian,
WD-Brazilian-Q2556227,33.0,25.0,58.0,103.1,0.0097,2,1870,Wikidata-Brazilian,
WD-Brazilian-Q18977410,25.0,26.0,51.0,650.0,0.0015,0,1900,Wikidata-Brazilian,
WD-Brazilian-Q10271845,34.0,20.0,54.0,48.6,0.0206,0,1920,Wikidata-Brazilian,
WD-Brazilian-Q111608546,18.0,26.0,44.0,58.5,0.0171,1,2000,Wikidata-Brazilian,
WD-Brazilian-Q2312463,32.0,32.0,64.0,9999.0,0.0001,5,1940,Wikidata-Brazilian,
WD-Brazilian-Q105670357,29.0,30.0,59.0,870.0,0.0011,0,1980,Wikidata-Brazilian,
WD-Brazilian-Q123745766,34.0,21.0,55.0,54.9,0.0182,8,1950,Wikidata-Brazilian,
WD-Brazilian-Q131413392,34.0,33.0,67.0,1122.0,0.0009,0,2000,Wikidata-Brazilian,
WD-Brazilian-Q17277976,23.0,29.0,52.0,111.2,0.009,0,1970,Wikidata-Brazilian,
PETROV-RU-026,21.0,25.0,46.0,131.2,0.0076,3,1920,VGD-RU,
CHERESHNEVA-RU-002,27.0,35.0,62.0,118.1,0.008,7,1930,Familio-RU,
CHERESHNEVA-RU-003,27.0,25.0,52.0,337.5,0.003,7,1920,Familio-RU,
KUZNETSOVA-RU-002,23.0,26.0,49.0,199.3,0.005,2,1920,VGD-RU,
MOROZOVA-RU-003,28.0,26.0,54.0,364.0,0.003,0,1950,VGD-RU,
SOKOLOVA-RU-002,35.0,22.0,57.0,59.2,0.017,2,1930,Familio-RU,
IVANOVA-RU-002,25.0,23.0,48.0,287.5,0.003,6,1900,Familio-RU,
VOLKOVA-RU-001,36.0,22.0,58.0,56.57,0.017,1,1960,Rodovid-RU,
LEBEDEV-RU-001,32.0,19.0,51.0,46.8,0.021,4,1980,VGD-RU,
STEPANOVA-RU-001,28.0,22.0,50.0,102.67,0.01,2,1830,Rodovid-RU,
NIKOLAEV-RU-001,29.0,20.0,49.0,64.4,0.0155,0,1970,VGD-RU,
VOLKOVA-RU-002,35.0,28.0,63.0,140.0,0.007,2,1910,WikiTree-RU,
ALEKSEEVA-RU-001,27.0,29.0,56.0,391.5,0.003,1,1950,Familio-RU,
VOLKOVA-RU-003,21.0,26.0,47.0,109.2,0.009,1,1960,Rodovid-RU,
ALEKSEEVA-RU-002,22.0,36.0,58.0,56.6,0.018,4,1930,Familio-RU,
BORISOV-RU-001,32.0,24.0,56.0,96.0,0.0104,1,1970,VGD-RU,
TATARNIKOV-RU-001,20.0,21.0,41.0,420.0,0.0024,4,1910,VGD-RU,
YUZHAKOVA-RU-001,20.0,28.0,48.0,70.0,0.0143,7,1910,VGD-RU,
PIRTSKHALAEVA-RU-001,39.0,19.0,58.0,37.1,0.027,1,1930,Familio-RU,
RUMYANTSEVA-RU-001,37.0,35.0,72.0,647.5,0.002,1,1950,Familio-RU,
SOROKINA-RU-001,21.0,25.0,46.0,131.25,0.0076,3,1950,Familio-RU,
VOLKOVA-RU-004,33.0,28.0,61.0,184.8,0.0054,1,1910,Familio-RU,
KOZLOVA-RU-001,28.0,18.0,46.0,50.4,0.02,0,1940,Familio-RU,
MALOZEMOVA-RU-001,43.0,21.0,64.0,41.0,0.024,1,1970,VGD-RU,
ROMANOVA-RU-003,27.0,22.0,49.0,118.8,0.008,3,1920,VGD-RU,
ZHUKOVA-RU-001,31.0,29.0,60.0,449.5,0.0022,3,1960,VGD-RU,
